Workbook
Name TABLETEST: #REF!
Name UNITPRICE: #REF!
Name INSTOCK: INSTOCK!$C$1:$N$2025
Name LIST: #REF!
Name QTY: #REF!
Name TABLEITEM: TABLEITEM!$B$2:$G$1138
Name TABLE: TABLEITEM!$D$474

Sheet INSTOCK
B1: NO. | C1: DATE | D1: IV No. | E1: PO No. | F1: PC Job | G1: SUPPLIER | H1: ID | I1: QTY | J1: unit | K1: UNIT/Price | L1: group | M1: LIST | N1: Total | O1: Column1 | P1: Column2
B2: 1 | C2: 43101 | D2: ยอดยกมา17 | H2: SPC1012202440 | I2: 12 | K2: 561.6 | L2: =IF(D2<>"",VLOOKUP(H2,TABLEITEM,2,FALSE),"") -> MAT ST | M2: =IF(D2<>"",VLOOKUP(H2,TABLEITEM,3,FALSE),"") -> เหล็กแผ่นขาว4'x8'T1.0 | N2: =INSTOCK!$I2*INSTOCK!$K2 -> 6739.2
B3: 2 | C3: 43101 | D3: ยอดยกมา17 | H3: SPC1212202440 | I3: 104 | K3: 644 | L3: =IF(D3<>"",VLOOKUP(H3,TABLEITEM,2,FALSE),"") -> MAT ST | M3: =IF(D3<>"",VLOOKUP(H3,TABLEITEM,3,FALSE),"") -> เหล็กแผ่นขาว4'x8'T1.2 | N3: =INSTOCK!$I3*INSTOCK!$K3 -> 66976
B4: 3 | C4: 43101 | D4: ยอดยกมา17 | H4: SPC1212201950 | I4: 0 | K4: 570.7 | L4: =IF(D4<>"",VLOOKUP(H4,TABLEITEM,2,FALSE),"") -> MAT ST | M4: =IF(D4<>"",VLOOKUP(H4,TABLEITEM,3,FALSE),"") -> เหล็กแผ่นขาว1220x1950T1.2 | N4: =INSTOCK!$I4*INSTOCK!$K4 -> 0
B5: 4 | C5: 43101 | D5: ยอดยกมา17 | H5: SPC1612202440 | I5: 398 | K5: 857.9 | L5: =IF(D5<>"",VLOOKUP(H5,TABLEITEM,2,FALSE),"") -> MAT ST | M5: =IF(D5<>"",VLOOKUP(H5,TABLEITEM,3,FALSE),"") -> เหล็กแผ่นขาว4'x8'T1.6 | N5: =INSTOCK!$I5*INSTOCK!$K5 -> 341444.2
B6: 5 | C6: 43101 | D6: ยอดยกมา17 | H6: SPC1612203000 | I6: 109 | K6: 1055.7 | L6: =IF(D6<>"",VLOOKUP(H6,TABLEITEM,2,FALSE),"") -> MAT ST | M6: =IF(D6<>"",VLOOKUP(H6,TABLEITEM,3,FALSE),"") -> เหล็กแผ่นขาว4''x3000T1.6 | N6: =INSTOCK!$I6*INSTOCK!$K6 -> 115071.3
B7: 6 | C7: 43101 | D7: ยอดยกมา17 | H7: SPC2012202440 | I7: 286 | K7: 1092 | L7: =IF(D7<>"",VLOOKUP(H7,TABLEITEM,2,FALSE),"") -> MAT ST | M7: =IF(D7<>"",VLOOKUP(H7,TABLEITEM,3,FALSE),"") -> เหล็กแผ่นขาว4'x8'T2.0 | N7: =INSTOCK!$I7*INSTOCK!$K7 -> 312312
B8: 7 | C8: 43101 | D8: ยอดยกมา17 | H8: SPC2012203000 | I8: 146 | K8: 1346 | L8: =IF(D8<>"",VLOOKUP(H8,TABLEITEM,2,FALSE),"") -> MAT ST | M8: =IF(D8<>"",VLOOKUP(H8,TABLEITEM,3,FALSE),"") -> เหล็กแผ่นขาว4''X3000T2.0 | N8: =INSTOCK!$I8*INSTOCK!$K8 -> 196516
B9: 8 | C9: 43101 | D9: ยอดยกมา17 | H9: SPC2312202440 | I9: 119 | K9: 1308 | L9: =IF(D9<>"",VLOOKUP(H9,TABLEITEM,2,FALSE),"") -> MAT ST | M9: =IF(D9<>"",VLOOKUP(H9,TABLEITEM,3,FALSE),"") -> เหล็กแผ่นขาว4'x8'T2.3 | N9: =INSTOCK!$I9*INSTOCK!$K9 -> 155652
B10: 9 | C10: 43101 | D10: ยอดยกมา17 | H10: SPC2612202440 | I10: 14 | K10: 1501.8 | L10: =IF(D10<>"",VLOOKUP(H10,TABLEITEM,2,FALSE),"") -> MAT ST | M10: =IF(D10<>"",VLOOKUP(H10,TABLEITEM,3,FALSE),"") -> เหล็กแผ่นขาว4'x8'T2.6 | N10: =INSTOCK!$I10*INSTOCK!$K10 -> 21025.2
B11: 10 | C11: 43101 | D11: ยอดยกมา17 | H11: SPC3012202440 | I11: 260 | K11: 1685.6 | L11: =IF(D11<>"",VLOOKUP(H11,TABLEITEM,2,FALSE),"") -> MAT ST | M11: =IF(D11<>"",VLOOKUP(H11,TABLEITEM,3,FALSE),"") -> เหล็กแผ่นขาว4'x8'T3.0 | N11: =INSTOCK!$I11*INSTOCK!$K11 -> 438256
B12: 11 | C12: 43101 | D12: ยอดยกมา17 | H12: SPC3212202440 | I12: 8 | K12: 2256 | L12: =IF(D12<>"",VLOOKUP(H12,TABLEITEM,2,FALSE),"") -> MAT ST | M12: =IF(D12<>"",VLOOKUP(H12,TABLEITEM,3,FALSE),"") -> เหล็กแผ่นขาว4'x8'T3.2 | N12: =INSTOCK!$I12*INSTOCK!$K12 -> 18048
B13: 12 | C13: 43101 | D13: ยอดยกมา17 | H13: SPC1603902440 | I13: 84 | K13: 282 | L13: =IF(D13<>"",VLOOKUP(H13,TABLEITEM,2,FALSE),"") -> MAT ST | M13: =IF(D13<>"",VLOOKUP(H13,TABLEITEM,3,FALSE),"") -> เหล็กแผ่นขาว390x2440T1.6 | N13: =INSTOCK!$I13*INSTOCK!$K13 -> 23688
... B17: 16 | C17: 43101 | D17: ยอดยกมา17 | H17: SPC1608291942 | I17: 148 | K17: 472.4 | L17: =IF(D17<>"",VLOOKUP(H17,TABLEITEM,2,FALSE),"") -> MAT ST | M17: =IF(D17<>"",VLOOKUP(H17,TABLEITEM,3,FALSE),"") -> เหล็กแผ่นขาว829x1942T1.6 | N17: =INSTOCK!$I17*INSTOCK!$K17 -> 69915.2
B18: 17 | C18: 43101 | D18: ยอดยกมา17 | H18: SPC1609291220 | I18: 54 | L18: =IF(D18<>"",VLOOKUP(H18,TABLEITEM,2,FALSE),"") -> MAT ST | M18: =IF(D18<>"",VLOOKUP(H18,TABLEITEM,3,FALSE),"") -> เหล็กแผ่นขาว929x1220T1.6 | N18: =INSTOCK!$I18*INSTOCK!$K18 -> 0
B19: 18 | C19: 43101 | D19: ยอดยกมา17 | H19: SPC1606292142 | I19: 127 | K19: 394.8 | L19: =IF(D19<>"",VLOOKUP(H19,TABLEITEM,2,FALSE),"") -> MAT ST | M19: =IF(D19<>"",VLOOKUP(H19,TABLEITEM,3,FALSE),"") -> เหล็กแผ่นขาว629x2142T1.6 | N19: =INSTOCK!$I19*INSTOCK!$K19 -> 50139.6
B20: 19 | C20: 43101 | D20: ยอดยกมา17 | H20: SPC1607292142 | I20: 61 | K20: 524.1 | L20: =IF(D20<>"",VLOOKUP(H20,TABLEITEM,2,FALSE),"") -> MAT ST | M20: =IF(D20<>"",VLOOKUP(H20,TABLEITEM,3,FALSE),"") -> เหล็กแผ่นขาว729x2142T1.6 | N20: =INSTOCK!$I20*INSTOCK!$K20 -> 31970.1
B21: 20 | C21: 43101 | D21: ยอดยกมา17 | H21: SPC1608292142 | I21: 56 | K21: 528.4 | L21: =IF(D21<>"",VLOOKUP(H21,TABLEITEM,2,FALSE),"") -> MAT ST | M21: =IF(D21<>"",VLOOKUP(H21,TABLEITEM,3,FALSE),"") -> เหล็กแผ่นขาว829x2142T1.6 | N21: =INSTOCK!$I21*INSTOCK!$K21 -> 29590.4
B22: 21 | C22: 43101 | D22: ยอดยกมา17 | H22: SPC1612202142 | I22: 44 | K22: 860 | L22: =IF(D22<>"",VLOOKUP(H22,TABLEITEM,2,FALSE),"") -> MAT ST | M22: =IF(D22<>"",VLOOKUP(H22,TABLEITEM,3,FALSE),"") -> เหล็กแผ่นขาว1220x2142T1.6 | N22: =INSTOCK!$I22*INSTOCK!$K22 -> 37840
B23: 22 | C23: 43101 | D23: ยอดยกมา17 | H23: SPC1609292142 | I23: 57 | K23: 585.2 | L23: =IF(D23<>"",VLOOKUP(H23,TABLEITEM,2,FALSE),"") -> MAT ST | M23: =IF(D23<>"",VLOOKUP(H23,TABLEITEM,3,FALSE),"") -> เหล็กแผ่นขาว929x2142T1.6 | N23: =INSTOCK!$I23*INSTOCK!$K23 -> 33356.4
B24: 23 | C24: 43101 | D24: ยอดยกมา17 | H24: SPC3012203000 | I24: 5 | K24: 2206.7 | L24: =IF(D24<>"",VLOOKUP(H24,TABLEITEM,2,FALSE),"") -> MAT ST | M24: =IF(D24<>"",VLOOKUP(H24,TABLEITEM,3,FALSE),"") -> เหล็กแผ่นขาว4''x3000T3.0 | N24: =INSTOCK!$I24*INSTOCK!$K24 -> 11033.5
B25: 24 | C25: 43101 | D25: ยอดยกมา17 | H25: SEG1212202440 | I25: 52 | K25: 778.4 | L25: =IF(D25<>"",VLOOKUP(H25,TABLEITEM,2,FALSE),"") -> MAT ST | M25: =IF(D25<>"",VLOOKUP(H25,TABLEITEM,3,FALSE),"") -> เหล็กแผ่นEG4'x8'T1.2 | N25: =INSTOCK!$I25*INSTOCK!$K25 -> 40476.8
B26: 25 | C26: 43101 | D26: ยอดยกมา17 | H26: SEG1612202440 | I26: 97 | K26: 1022 | L26: =IF(D26<>"",VLOOKUP(H26,TABLEITEM,2,FALSE),"") -> MAT ST | M26: =IF(D26<>"",VLOOKUP(H26,TABLEITEM,3,FALSE),"") -> เหล็กแผ่นEG4'x8'T1.6 | N26: =INSTOCK!$I26*INSTOCK!$K26 -> 99134
B27: 26 | C27: 43101 | D27: ยอดยกมา17 | H27: SEG1612203000 | I27: 109 | K27: 1282.5 | L27: =IF(D27<>"",VLOOKUP(H27,TABLEITEM,2,FALSE),"") -> MAT ST | M27: =IF(D27<>"",VLOOKUP(H27,TABLEITEM,3,FALSE),"") -> เหล็กแผ่นEG4'x3000T1.6 | N27: =INSTOCK!$I27*INSTOCK!$K27 -> 139792.5
B28: 27 | C28: 43101 | D28: ยอดยกมา17 | H28: SEG2012202440 | I28: 209 | K28: 1285.2 | L28: =IF(D28<>"",VLOOKUP(H28,TABLEITEM,2,FALSE),"") -> MAT ST | M28: =IF(D28<>"",VLOOKUP(H28,TABLEITEM,3,FALSE),"") -> เหล็กแผ่นEG4'x8'T2.0 | N28: =INSTOCK!$I28*INSTOCK!$K28 -> 268606.8
B29: 28 | C29: 43101 | D29: ยอดยกมา17 | H29: SEG2012203000 | I29: 144 | K29: 1733 | L29: =IF(D29<>"",VLOOKUP(H29,TABLEITEM,2,FALSE),"") -> MAT ST | M29: =IF(D29<>"",VLOOKUP(H29,TABLEITEM,3,FALSE),"") -> เหล็กแผ่นEG4'x3000T2.0 | N29: =INSTOCK!$I29*INSTOCK!$K29 -> 249552
B30: 29 | C30: 43101 | D30: ยอดยกมา17 | H30: SEG2312202440 | I30: 1 | K30: 1502 | L30: =IF(D30<>"",VLOOKUP(H30,TABLEITEM,2,FALSE),"") -> MAT ST | M30: =IF(D30<>"",VLOOKUP(H30,TABLEITEM,3,FALSE),"") -> เหล็กแผ่นEG4'x8'T2.3 | N30: =INSTOCK!$I30*INSTOCK!$K30 -> 1502
B31: 30 | C31: 43101 | D31: ยอดยกมา17 | H31: SEG2612202440 | I31: 32 | L31: =IF(D31<>"",VLOOKUP(H31,TABLEITEM,2,FALSE),"") -> MAT ST | M31: =IF(D31<>"",VLOOKUP(H31,TABLEITEM,3,FALSE),"") -> เหล็กแผ่นEG4'x8'T2.6 | N31: =INSTOCK!$I31*INSTOCK!$K31 -> 0
B32: 31 | C32: 43101 | D32: ยอดยกมา17 | H32: SEG3012202440 | I32: 34 | K32: 2246.4 | L32: =IF(D32<>"",VLOOKUP(H32,TABLEITEM,2,FALSE),"") -> MAT ST | M32: =IF(D32<>"",VLOOKUP(H32,TABLEITEM,3,FALSE),"") -> เหล็กแผ่นEG4'x8'T3.0 | N32: =INSTOCK!$I32*INSTOCK!$K32 -> 76377.6
B33: 32 | C33: 43101 | D33: ยอดยกมา17 | H33: SEG3012203000 | I33: 25 | K33: 2768 | L33: =IF(D33<>"",VLOOKUP(H33,TABLEITEM,2,FALSE),"") -> MAT ST | M33: =IF(D33<>"",VLOOKUP(H33,TABLEITEM,3,FALSE),"") -> เหล็กแผ่นEG4'x3000T3.0 | N33: =INSTOCK!$I33*INSTOCK!$K33 -> 69200
B34: 33 | C34: 43101 | D34: ยอดยกมา17 | H34: SPH1612202440 | I34: 0 | L34: =IF(D34<>"",VLOOKUP(H34,TABLEITEM,2,FALSE),"") -> MAT ST | M34: =IF(D34<>"",VLOOKUP(H34,TABLEITEM,3,FALSE),"") -> เหล็กแผ่นดำ4'x8'T1.6 | N34: =INSTOCK!$I34*INSTOCK!$K34 -> 0
B35: 34 | C35: 43101 | D35: ยอดยกมา17 | H35: SPH1612203000 | I35: 155 | L35: =IF(D35<>"",VLOOKUP(H35,TABLEITEM,2,FALSE),"") -> MAT ST | M35: =IF(D35<>"",VLOOKUP(H35,TABLEITEM,3,FALSE),"") -> เหล็กแผ่นดำ4''x3000T1.6 | N35: =INSTOCK!$I35*INSTOCK!$K35 -> 0
B36: 35 | C36: 43101 | D36: ยอดยกมา17 | H36: SPH2012202440 | I36: 18 | L36: =IF(D36<>"",VLOOKUP(H36,TABLEITEM,2,FALSE),"") -> MAT ST | M36: =IF(D36<>"",VLOOKUP(H36,TABLEITEM,3,FALSE),"") -> เหล็กแผ่นดำ4'x8'T2.0 | N36: =INSTOCK!$I36*INSTOCK!$K36 -> 0
B37: 36 | C37: 43101 | D37: ยอดยกมา17 | H37: SPH2012203000 | I37: 29 | L37: =IF(D37<>"",VLOOKUP(H37,TABLEITEM,2,FALSE),"") -> MAT ST | M37: =IF(D37<>"",VLOOKUP(H37,TABLEITEM,3,FALSE),"") -> เหล็กแผ่นดำ4'x3000T2.0 | N37: =INSTOCK!$I37*INSTOCK!$K37 -> 0
B38: 37 | C38: 43101 | D38: ยอดยกมา17 | H38: SPH2015253050 | I38: 34 | K38: 1795 | L38: =IF(D38<>"",VLOOKUP(H38,TABLEITEM,2,FALSE),"") -> MAT ST | M38: =IF(D38<>"",VLOOKUP(H38,TABLEITEM,3,FALSE),"") -> เหล็กแผ่นดำ5'x10'T2.0 | N38: =INSTOCK!$I38*INSTOCK!$K38 -> 61030
B39: 38 | C39: 43101 | D39: ยอดยกมา17 | H39: SPH2315253050 | I39: 29 | L39: =IF(D39<>"",VLOOKUP(H39,TABLEITEM,2,FALSE),"") -> MAT ST | M39: =IF(D39<>"",VLOOKUP(H39,TABLEITEM,3,FALSE),"") -> เหล็กแผ่นดำ5'x10'T2.3 | N39: =INSTOCK!$I39*INSTOCK!$K39 -> 0
B40: 39 | C40: 43101 | D40: ยอดยกมา17 | H40: SPH3015253050 | I40: 99 | K40: 2690 | L40: =IF(D40<>"",VLOOKUP(H40,TABLEITEM,2,FALSE),"") -> MAT ST | M40: =IF(D40<>"",VLOOKUP(H40,TABLEITEM,3,FALSE),"") -> เหล็กแผ่นดำ5'x10'T3.0 | N40: =INSTOCK!$I40*INSTOCK!$K40 -> 266310
B41: 40 | C41: 43101 | D41: ยอดยกมา17 | H41: SPH4515253050 | I41: 6 | K41: 3170 | L41: =IF(D41<>"",VLOOKUP(H41,TABLEITEM,2,FALSE),"") -> MAT ST | M41: =IF(D41<>"",VLOOKUP(H41,TABLEITEM,3,FALSE),"") -> เหล็กแผ่นดำ5'x10'T4.5 | N41: =INSTOCK!$I41*INSTOCK!$K41 -> 19020
B42: 41 | C42: 43101 | D42: ยอดยกมา17 | H42: SPH5012202440 | I42: 0 | L42: =IF(D42<>"",VLOOKUP(H42,TABLEITEM,2,FALSE),"") -> MAT ST | M42: =IF(D42<>"",VLOOKUP(H42,TABLEITEM,3,FALSE),"") -> เหล็กแผ่นดำ4'x8'T5.0 | N42: =INSTOCK!$I42*INSTOCK!$K42 -> 0
B43: 42 | C43: 43101 | D43: ยอดยกมา17 | H43: SPH9012202440 | I43: 0 | K43: 4200 | L43: =IF(D43<>"",VLOOKUP(H43,TABLEITEM,2,FALSE),"") -> MAT ST | M43: =IF(D43<>"",VLOOKUP(H43,TABLEITEM,3,FALSE),"") -> เหล็กแผ่นดำ4'x8'T9.0 | N43: =INSTOCK!$I43*INSTOCK!$K43 -> 0
B44: 43 | C44: 43101 | D44: ยอดยกมา17 | H44: SPH3012202440 | I44: 19 | K44: 1730 | L44: =IF(D44<>"",VLOOKUP(H44,TABLEITEM,2,FALSE),"") -> MAT ST | M44: =IF(D44<>"",VLOOKUP(H44,TABLEITEM,3,FALSE),"") -> เหล็กแผ่นดำ4'x8'T3.0 | N44: =INSTOCK!$I44*INSTOCK!$K44 -> 32870
B45: 44 | C45: 43101 | D45: ยอดยกมา17 | H45: SPH6012202440 | I45: 0 | K45: 3360 | L45: =IF(D45<>"",VLOOKUP(H45,TABLEITEM,2,FALSE),"") -> MAT ST | M45: =IF(D45<>"",VLOOKUP(H45,TABLEITEM,3,FALSE),"") -> เหล็กแผ่นดำ4'x8'T6.0 | N45: =INSTOCK!$I45*INSTOCK!$K45 -> 0
B46: 45 | C46: 43101 | D46: ยอดยกมา17 | H46: SUS0812202440 | I46: 5 | K46: 1400 | L46: =IF(D46<>"",VLOOKUP(H46,TABLEITEM,2,FALSE),"") -> MAT ST | M46: =IF(D46<>"",VLOOKUP(H46,TABLEITEM,3,FALSE),"") -> สแตนเลสแผ่น4'x8'T0.8 | N46: =INSTOCK!$I46*INSTOCK!$K46 -> 7000
B47: 46 | C47: 43101 | D47: ยอดยกมา17 | H47: SUS1212202440 | I47: 32 | K47: 2245 | L47: =IF(D47<>"",VLOOKUP(H47,TABLEITEM,2,FALSE),"") -> MAT ST | M47: =IF(D47<>"",VLOOKUP(H47,TABLEITEM,3,FALSE),"") -> สแตนเลสแผ่น4'x8'T1.2 | N47: =INSTOCK!$I47*INSTOCK!$K47 -> 71840
B48: 47 | C48: 43101 | D48: ยอดยกมา17 | H48: SUS1512202440 | I48: 23 | K48: 2850 | L48: =IF(D48<>"",VLOOKUP(H48,TABLEITEM,2,FALSE),"") -> MAT ST | M48: =IF(D48<>"",VLOOKUP(H48,TABLEITEM,3,FALSE),"") -> สแตนเลสแผ่น4'x8'T1.5 | N48: =INSTOCK!$I48*INSTOCK!$K48 -> 65550
B49: 48 | C49: 43101 | D49: ยอดยกมา17 | H49: SUS2012202440 | I49: 24 | K49: 3790 | L49: =IF(D49<>"",VLOOKUP(H49,TABLEITEM,2,FALSE),"") -> MAT ST | M49: =IF(D49<>"",VLOOKUP(H49,TABLEITEM,3,FALSE),"") -> สแตนเลสแผ่น4'x8'T2.0 | N49: =INSTOCK!$I49*INSTOCK!$K49 -> 90960
B50: 49 | C50: 43101 | D50: ยอดยกมา17 | H50: SUS5012202440 | I50: 1 | L50: =IF(D50<>"",VLOOKUP(H50,TABLEITEM,2,FALSE),"") -> MAT ST | M50: =IF(D50<>"",VLOOKUP(H50,TABLEITEM,3,FALSE),"") -> สแตนเลสแผ่น4'x8'T5.0 | N50: =INSTOCK!$I50*INSTOCK!$K50 -> 0
B51: 50 | C51: 43101 | D51: ยอดยกมา17 | H51: SUS1012202440 | I51: 1 | K51: 3170 | L51: =IF(D51<>"",VLOOKUP(H51,TABLEITEM,2,FALSE),"") -> MAT ST | M51: =IF(D51<>"",VLOOKUP(H51,TABLEITEM,3,FALSE),"") -> สแตนเลสแผ่น4'x8'T10 | N51: =INSTOCK!$I51*INSTOCK!$K51 -> 3170
B52: 51 | C52: 43101 | D52: ยอดยกมา17 | H52: SUS3012202440 | I52: 0 | K52: 5160 | L52: =IF(D52<>"",VLOOKUP(H52,TABLEITEM,2,FALSE),"") -> MAT ST | M52: =IF(D52<>"",VLOOKUP(H52,TABLEITEM,3,FALSE),"") -> สแตนเลสแผ่น4'x8'T3.0 | N52: =INSTOCK!$I52*INSTOCK!$K52 -> 0
B53: 52 | C53: 43101 | D53: ยอดยกมา17 | H53: SGI1212202440 | I53: 14 | L53: =IF(D53<>"",VLOOKUP(H53,TABLEITEM,2,FALSE),"") -> MAT ST | M53: =IF(D53<>"",VLOOKUP(H53,TABLEITEM,3,FALSE),"") -> แผ่นสังกะสี4'x8'T1.2 | N53: =INSTOCK!$I53*INSTOCK!$K53 -> 0
B54: 53 | C54: 43101 | D54: ยอดยกมา17 | H54: SGI1512202440 | I54: 5 | K54: 895 | L54: =IF(D54<>"",VLOOKUP(H54,TABLEITEM,2,FALSE),"") -> MAT ST | M54: =IF(D54<>"",VLOOKUP(H54,TABLEITEM,3,FALSE),"") -> แผ่นสังกะสี4'x8'T1.5 | N54: =INSTOCK!$I54*INSTOCK!$K54 -> 4475
B55: 54 | C55: 43101 | D55: ยอดยกมา17 | H55: SGI2012202440 | I55: 34 | K55: 1155 | L55: =IF(D55<>"",VLOOKUP(H55,TABLEITEM,2,FALSE),"") -> MAT ST | M55: =IF(D55<>"",VLOOKUP(H55,TABLEITEM,3,FALSE),"") -> แผ่นสังกะสี4'x8'T2.0 | N55: =INSTOCK!$I55*INSTOCK!$K55 -> 39270
B56: 55 | C56: 43101 | D56: ยอดยกมา17 | H56: SGI3012202440 | I56: 13 | K56: 2020 | L56: =IF(D56<>"",VLOOKUP(H56,TABLEITEM,2,FALSE),"") -> MAT ST | M56: =IF(D56<>"",VLOOKUP(H56,TABLEITEM,3,FALSE),"") -> แผ่นสังกะสี4'x8'T3.0 | N56: =INSTOCK!$I56*INSTOCK!$K56 -> 26260
B57: 56 | C57: 43101 | D57: ยอดยกมา17 | H57: SAL3012202440 | I57: 33 | K57: 2365 | L57: =IF(D57<>"",VLOOKUP(H57,TABLEITEM,2,FALSE),"") -> MAT ST | M57: =IF(D57<>"",VLOOKUP(H57,TABLEITEM,3,FALSE),"") -> แผ่นอลูมิเนียม4'x8'T3.0 | N57: =INSTOCK!$I57*INSTOCK!$K57 -> 78045
B58: 57 | C58: 43101 | D58: ยอดยกมา17 | H58: SAL6012202440 | I58: 3 | K58: 4970 | L58: =IF(D58<>"",VLOOKUP(H58,TABLEITEM,2,FALSE),"") -> MAT ST | M58: =IF(D58<>"",VLOOKUP(H58,TABLEITEM,3,FALSE),"") -> แผ่นอลูมิเนียม4'x8'T6.0 | N58: =INSTOCK!$I58*INSTOCK!$K58 -> 14910
B59: 58 | C59: 43101 | D59: ยอดยกมา17 | H59: PVC2012202440 | I59: 4 | K59: 1400 | L59: =IF(D59<>"",VLOOKUP(H59,TABLEITEM,2,FALSE),"") -> MAT ST | M59: =IF(D59<>"",VLOOKUP(H59,TABLEITEM,3,FALSE),"") -> แผ่นPVC ใส4'x8'T2.0 | N59: =INSTOCK!$I59*INSTOCK!$K59 -> 5600
B60: 59 | C60: 43101 | D60: ยอดยกมา17 | H60: ACL3012202440 | I60: 5 | K60: 1350 | L60: =IF(D60<>"",VLOOKUP(H60,TABLEITEM,2,FALSE),"") -> PART | M60: =IF(D60<>"",VLOOKUP(H60,TABLEITEM,3,FALSE),"") -> อคิลิคใส4x8T3.0 | N60: =INSTOCK!$I60*INSTOCK!$K60 -> 6750
B61: 60 | C61: 43101 | D61: ยอดยกมา17 | H61: BR5012202440 | I61: 4 | K61: 3500 | L61: =IF(D61<>"",VLOOKUP(H61,TABLEITEM,2,FALSE),"") -> PART | M61: =IF(D61<>"",VLOOKUP(H61,TABLEITEM,3,FALSE),"") -> แผ่นเบกไลท์ 1220x2440T5.0 | N61: =INSTOCK!$I61*INSTOCK!$K61 -> 14000
B62: 61 | C62: 43101 | D62: ยอดยกมา17 | H62: SB0612202440 | I62: 12 | K62: 520 | L62: =IF(D62<>"",VLOOKUP(H62,TABLEITEM,2,FALSE),"") -> MAT ST | M62: =IF(D62<>"",VLOOKUP(H62,TABLEITEM,3,FALSE),"") -> แผ่นตระแกรงระบาย 4x8รู 3มิลT0.6 | N62: =INSTOCK!$I62*INSTOCK!$K62 -> 6240
B63: 62 | C63: 43101 | D63: ยอดยกมา17 | H63: SU26000 | I63: 30 | J63: meter | K63: 91 | L63: =IF(D63<>"",VLOOKUP(H63,TABLEITEM,2,FALSE),"") -> MAT ST | M63: =IF(D63<>"",VLOOKUP(H63,TABLEITEM,3,FALSE),"") -> เหล็กรางน้ำ U' 2 | N63: =INSTOCK!$I63*INSTOCK!$K63 -> 2730
B64: 63 | C64: 43101 | D64: ยอดยกมา17 | H64: SU36000 | I64: 306 | J64: meter | K64: 161 | L64: =IF(D64<>"",VLOOKUP(H64,TABLEITEM,2,FALSE),"") -> MAT ST | M64: =IF(D64<>"",VLOOKUP(H64,TABLEITEM,3,FALSE),"") -> เหล็กรางน้ำ U' 3 | N64: =INSTOCK!$I64*INSTOCK!$K64 -> 49266
B65: 64 | C65: 43101 | D65: ยอดยกมา17 | H65: SU46000 | I65: 156 | J65: meter | K65: 201.67 | L65: =IF(D65<>"",VLOOKUP(H65,TABLEITEM,2,FALSE),"") -> MAT ST | M65: =IF(D65<>"",VLOOKUP(H65,TABLEITEM,3,FALSE),"") -> เหล็กรางน้ำ U' 4 | N65: =INSTOCK!$I65*INSTOCK!$K65 -> 31460.52
B66: 65 | C66: 43101 | D66: ยอดยกมา17 | H66: SU56000 | I66: 18 | L66: =IF(D66<>"",VLOOKUP(H66,TABLEITEM,2,FALSE),"") -> MAT ST | M66: =IF(D66<>"",VLOOKUP(H66,TABLEITEM,3,FALSE),"") -> เหล็กรางน้ำ U' 5 | N66: =INSTOCK!$I66*INSTOCK!$K66 -> 0
B67: 66 | C67: 43101 | D67: ยอดยกมา17 | H67: SU66000 | I67: 2 | K67: 2580 | L67: =IF(D67<>"",VLOOKUP(H67,TABLEITEM,2,FALSE),"") -> MAT ST | M67: =IF(D67<>"",VLOOKUP(H67,TABLEITEM,3,FALSE),"") -> เหล็กรางน้ำ U' 6 | N67: =INSTOCK!$I67*INSTOCK!$K67 -> 5160
B68: 67 | C68: 43101 | D68: ยอดยกมา17 | H68: SU86000 | I68: 1 | L68: =IF(D68<>"",VLOOKUP(H68,TABLEITEM,2,FALSE),"") -> MAT ST | M68: =IF(D68<>"",VLOOKUP(H68,TABLEITEM,3,FALSE),"") -> เหล็กรางน้ำ U' 8 | N68: =INSTOCK!$I68*INSTOCK!$K68 -> 0
B69: 68 | C69: 43101 | D69: ยอดยกมา17 | H69: SL30256000 | I69: 1 | K69: 178 | L69: =IF(D69<>"",VLOOKUP(H69,TABLEITEM,2,FALSE),"") -> MAT ST | M69: =IF(D69<>"",VLOOKUP(H69,TABLEITEM,3,FALSE),"") -> เหล็กฉาก 1'หนา3มิล | N69: =INSTOCK!$I69*INSTOCK!$K69 -> 178
B70: 69 | C70: 43101 | D70: ยอดยกมา17 | H70: SL30406000 | I70: 246 | J70: meter | K70: 45.833 | L70: =IF(D70<>"",VLOOKUP(H70,TABLEITEM,2,FALSE),"") -> MAT ST | M70: =IF(D70<>"",VLOOKUP(H70,TABLEITEM,3,FALSE),"") -> เหล็กฉาก 1''1/2'หนา3 มิล | N70: =INSTOCK!$I70*INSTOCK!$K70 -> 11274.918
B71: 70 | C71: 43101 | D71: ยอดยกมา17 | H71: SL50406000 | I71: 47 | K71: 415 | L71: =IF(D71<>"",VLOOKUP(H71,TABLEITEM,2,FALSE),"") -> MAT ST | M71: =IF(D71<>"",VLOOKUP(H71,TABLEITEM,3,FALSE),"") -> เหล็กฉาก 1''1/2'หนา5 มิล | N71: =INSTOCK!$I71*INSTOCK!$K71 -> 19505
B72: 71 | C72: 43101 | D72: ยอดยกมา17 | H72: SL30506000 | I72: 4 | L72: =IF(D72<>"",VLOOKUP(H72,TABLEITEM,2,FALSE),"") -> MAT ST | M72: =IF(D72<>"",VLOOKUP(H72,TABLEITEM,3,FALSE),"") -> เหล็กฉาก 2''หนา3 มิล | N72: =INSTOCK!$I72*INSTOCK!$K72 -> 0
B73: 72 | C73: 43101 | D73: ยอดยกมา17 | H73: SL40506000 | I73: 0 | L73: =IF(D73<>"",VLOOKUP(H73,TABLEITEM,2,FALSE),"") -> MAT ST | M73: =IF(D73<>"",VLOOKUP(H73,TABLEITEM,3,FALSE),"") -> เหล็กฉาก 2''หนา4 มิล | N73: =INSTOCK!$I73*INSTOCK!$K73 -> 0
B74: 73 | C74: 43101 | D74: ยอดยกมา17 | H74: SL50506000 | I74: 48 | K74: 535 | L74: =IF(D74<>"",VLOOKUP(H74,TABLEITEM,2,FALSE),"") -> MAT ST | M74: =IF(D74<>"",VLOOKUP(H74,TABLEITEM,3,FALSE),"") -> เหล็กฉาก 2''หนา5 มิล | N74: =INSTOCK!$I74*INSTOCK!$K74 -> 25680
B75: 74 | C75: 43101 | D75: ยอดยกมา17 | H75: SL60756000 | I75: 1 | K75: 915 | L75: =IF(D75<>"",VLOOKUP(H75,TABLEITEM,2,FALSE),"") -> MAT ST | M75: =IF(D75<>"",VLOOKUP(H75,TABLEITEM,3,FALSE),"") -> เหล็กฉาก 3''หนา6 มิล | N75: =INSTOCK!$I75*INSTOCK!$K75 -> 915
B76: 75 | C76: 43101 | D76: ยอดยกมา17 | H76: SL701006000 | I76: 0 | L76: =IF(D76<>"",VLOOKUP(H76,TABLEITEM,2,FALSE),"") -> MAT ST | M76: =IF(D76<>"",VLOOKUP(H76,TABLEITEM,3,FALSE),"") -> เหล็กฉาก 4''หนา7 มิล | N76: =INSTOCK!$I76*INSTOCK!$K76 -> 0
B77: 76 | C77: 43101 | D77: ยอดยกมา17 | H77: SL30306000 | I77: 0 | L77: =IF(D77<>"",VLOOKUP(H77,TABLEITEM,2,FALSE),"") -> MAT ST | M77: =IF(D77<>"",VLOOKUP(H77,TABLEITEM,3,FALSE),"") -> เหล็กฉาก1''1/4 หนา3 มิล | N77: =INSTOCK!$I77*INSTOCK!$K77 -> 0
B78: 77 | C78: 43101 | D78: ยอดยกมา17 | H78: SK12126000 | I78: 3 | L78: =IF(D78<>"",VLOOKUP(H78,TABLEITEM,2,FALSE),"") -> MAT ST | M78: =IF(D78<>"",VLOOKUP(H78,TABLEITEM,3,FALSE),"") -> เหล็กกล่อง 1/2 หนา1.2 มิล | N78: =INSTOCK!$I78*INSTOCK!$K78 -> 0
B79: 78 | C79: 43101 | D79: ยอดยกมา17 | H79: SK16256000 | I79: 6 | L79: =IF(D79<>"",VLOOKUP(H79,TABLEITEM,2,FALSE),"") -> MAT ST | M79: =IF(D79<>"",VLOOKUP(H79,TABLEITEM,3,FALSE),"") -> เหล็กกล่อง 1'' หนา1.6 มิล | N79: =INSTOCK!$I79*INSTOCK!$K79 -> 0
B80: 79 | C80: 43101 | D80: ยอดยกมา17 | H80: SK20406000 | I80: 0 | K80: 280 | L80: =IF(D80<>"",VLOOKUP(H80,TABLEITEM,2,FALSE),"") -> MAT ST | M80: =IF(D80<>"",VLOOKUP(H80,TABLEITEM,3,FALSE),"") -> เหล็กกล่อง 1'' 1/2 หนา2 มิล | N80: =INSTOCK!$I80*INSTOCK!$K80 -> 0
B81: 80 | C81: 43101 | D81: ยอดยกมา17 | H81: SK20306000 | I81: 0 | L81: =IF(D81<>"",VLOOKUP(H81,TABLEITEM,2,FALSE),"") -> MAT ST | M81: =IF(D81<>"",VLOOKUP(H81,TABLEITEM,3,FALSE),"") -> เหล็กกล่อง 11/4 หนา2 มิล | N81: =INSTOCK!$I81*INSTOCK!$K81 -> 0
B82: 81 | C82: 43101 | D82: ยอดยกมา17 | H82: SK23506000 | I82: 4 | K82: 450 | L82: =IF(D82<>"",VLOOKUP(H82,TABLEITEM,2,FALSE),"") -> MAT ST | M82: =IF(D82<>"",VLOOKUP(H82,TABLEITEM,3,FALSE),"") -> เหล็กกล่อง 2'' หนา2.3 มิล | N82: =INSTOCK!$I82*INSTOCK!$K82 -> 1800
B83: 82 | C83: 43101 | D83: ยอดยกมา17 | H83: SK23756000 | I83: 18 | J83: meter | K83: 106.666 | L83: =IF(D83<>"",VLOOKUP(H83,TABLEITEM,2,FALSE),"") -> MAT ST | M83: =IF(D83<>"",VLOOKUP(H83,TABLEITEM,3,FALSE),"") -> เหล็กกล่อง 3'' หนา2.3 มิล | N83: =INSTOCK!$I83*INSTOCK!$K83 -> 1919.988 | O83: 3เส้น**640/6m.
B84: 83 | C84: 43101 | D84: ยอดยกมา17 | H84: SK231006000 | I84: 2 | K84: 1000 | L84: =IF(D84<>"",VLOOKUP(H84,TABLEITEM,2,FALSE),"") -> MAT ST | M84: =IF(D84<>"",VLOOKUP(H84,TABLEITEM,3,FALSE),"") -> เหล็กกล่อง 4'' หนา2.3 มิล | N84: =INSTOCK!$I84*INSTOCK!$K84 -> 2000
B85: 84 | C85: 43101 | D85: ยอดยกมา17 | H85: SK2575-406000 | I85: 5 | L85: =IF(D85<>"",VLOOKUP(H85,TABLEITEM,2,FALSE),"") -> MAT ST | M85: =IF(D85<>"",VLOOKUP(H85,TABLEITEM,3,FALSE),"") -> เหล็กกล่อง 3x11/2 หนา2.5 มิล | N85: =INSTOCK!$I85*INSTOCK!$K85 -> 0
B86: 85 | C86: 43101 | D86: ยอดยกมา17 | H86: SK25100-506000 | I86: 1 | K86: 950 | L86: =IF(D86<>"",VLOOKUP(H86,TABLEITEM,2,FALSE),"") -> MAT ST | M86: =IF(D86<>"",VLOOKUP(H86,TABLEITEM,3,FALSE),"") -> เหล็กกล่อง 4x2หนา2.5 มิล | N86: =INSTOCK!$I86*INSTOCK!$K86 -> 950
B87: 86 | C87: 43101 | D87: ยอดยกมา17 | H87: SK3250-256000 | I87: 3 | L87: =IF(D87<>"",VLOOKUP(H87,TABLEITEM,2,FALSE),"") -> MAT ST | M87: =IF(D87<>"",VLOOKUP(H87,TABLEITEM,3,FALSE),"") -> เหล็กกล่อง 2x1 หนา3.2 มิล | N87: =INSTOCK!$I87*INSTOCK!$K87 -> 0
B88: 87 | C88: 43101 | D88: ยอดยกมา17 | H88: SK2075-506000 | I88: 1 | K88: 550 | L88: =IF(D88<>"",VLOOKUP(H88,TABLEITEM,2,FALSE),"") -> MAT ST | M88: =IF(D88<>"",VLOOKUP(H88,TABLEITEM,3,FALSE),"") -> เหล็กกล่อง 3x2 หนา2.0 มิล | N88: =INSTOCK!$I88*INSTOCK!$K88 -> 550
B89: 88 | C89: 43101 | D89: ยอดยกมา17 | H89: SR504000 | I89: 6 | L89: =IF(D89<>"",VLOOKUP(H89,TABLEITEM,2,FALSE),"") -> MAT ST | M89: =IF(D89<>"",VLOOKUP(H89,TABLEITEM,3,FALSE),"") -> เหล็กเพลากลม 5มิล | N89: =INSTOCK!$I89*INSTOCK!$K89 -> 0
B90: 89 | C90: 43101 | D90: ยอดยกมา17 | H90: SR704000 | I90: 0 | K90: 55 | L90: =IF(D90<>"",VLOOKUP(H90,TABLEITEM,2,FALSE),"") -> MAT ST | M90: =IF(D90<>"",VLOOKUP(H90,TABLEITEM,3,FALSE),"") -> เหล็กเพลากลม 7มิล | N90: =INSTOCK!$I90*INSTOCK!$K90 -> 0
B91: 90 | C91: 43101 | D91: ยอดยกมา17 | H91: SR804000 | I91: 100 | K91: 55 | L91: =IF(D91<>"",VLOOKUP(H91,TABLEITEM,2,FALSE),"") -> MAT ST | M91: =IF(D91<>"",VLOOKUP(H91,TABLEITEM,3,FALSE),"") -> เหล็กเพลากลม 8มิล | N91: =INSTOCK!$I91*INSTOCK!$K91 -> 5500
B92: 91 | C92: 43101 | D92: ยอดยกมา17 | H92: SO12126000 | I92: 0 | L92: =IF(D92<>"",VLOOKUP(H92,TABLEITEM,2,FALSE),"") -> MAT ST | M92: =IF(D92<>"",VLOOKUP(H92,TABLEITEM,3,FALSE),"") -> เหล็กท่อกลม 1/2 หนา 1.2 | N92: =INSTOCK!$I92*INSTOCK!$K92 -> 0
B93: 92 | C93: 43101 | D93: ยอดยกมา17 | H93: SO20256000 | I93: 0 | L93: =IF(D93<>"",VLOOKUP(H93,TABLEITEM,2,FALSE),"") -> MAT ST | M93: =IF(D93<>"",VLOOKUP(H93,TABLEITEM,3,FALSE),"") -> เหล็กท่อกลม 1'' หนา 2มิล | N93: =INSTOCK!$I93*INSTOCK!$K93 -> 0
B94: 93 | C94: 43101 | D94: ยอดยกมา17 | H94: SO20406000 | I94: 2 | K94: 850 | L94: =IF(D94<>"",VLOOKUP(H94,TABLEITEM,2,FALSE),"") -> MAT ST | M94: =IF(D94<>"",VLOOKUP(H94,TABLEITEM,3,FALSE),"") -> เหล็กท่อกลม 1''1/2 หนา 2มิล | N94: =INSTOCK!$I94*INSTOCK!$K94 -> 1700
B95: 94 | C95: 43101 | D95: ยอดยกมา17 | H95: SO20306000 | I95: 3 | K95: 890 | L95: =IF(D95<>"",VLOOKUP(H95,TABLEITEM,2,FALSE),"") -> MAT ST | M95: =IF(D95<>"",VLOOKUP(H95,TABLEITEM,3,FALSE),"") -> เหล็กท่อกลม 1''1/4 หนา 2มิล | N95: =INSTOCK!$I95*INSTOCK!$K95 -> 2670
B96: 95 | C96: 43101 | D96: ยอดยกมา17 | H96: SO20506000 | I96: 3 | L96: =IF(D96<>"",VLOOKUP(H96,TABLEITEM,2,FALSE),"") -> MAT ST | M96: =IF(D96<>"",VLOOKUP(H96,TABLEITEM,3,FALSE),"") -> เหล็กท่อกลม 2''หนา 2 มิล | N96: =INSTOCK!$I96*INSTOCK!$K96 -> 0
B97: 96 | C97: 43101 | D97: ยอดยกมา17 | H97: SO60756000 | I97: 0 | L97: =IF(D97<>"",VLOOKUP(H97,TABLEITEM,2,FALSE),"") -> MAT ST | M97: =IF(D97<>"",VLOOKUP(H97,TABLEITEM,3,FALSE),"") -> เหล็กท่อกลม 3'' หนา 6 มิล | N97: =INSTOCK!$I97*INSTOCK!$K97 -> 0
B98: 97 | C98: 43101 | D98: ยอดยกมา17 | H98: SO201006000 | I98: 1.68 | L98: =IF(D98<>"",VLOOKUP(H98,TABLEITEM,2,FALSE),"") -> MAT ST | M98: =IF(D98<>"",VLOOKUP(H98,TABLEITEM,3,FALSE),"") -> เหล็กท่อกลม 4''หนา 2 มิล | N98: =INSTOCK!$I98*INSTOCK!$K98 -> 0
B99: 98 | C99: 43101 | D99: ยอดยกมา17 | H99: SO201506000 | I99: 3.95 | L99: =IF(D99<>"",VLOOKUP(H99,TABLEITEM,2,FALSE),"") -> MAT ST | M99: =IF(D99<>"",VLOOKUP(H99,TABLEITEM,3,FALSE),"") -> เหล็กท่อกลม 6'' หนา 2 มิล | N99: =INSTOCK!$I99*INSTOCK!$K99 -> 0
B100: 99 | C100: 43101 | D100: ยอดยกมา17 | H100: SO28206000 | I100: 14 | K100: 245 | L100: =IF(D100<>"",VLOOKUP(H100,TABLEITEM,2,FALSE),"") -> MAT ST | M100: =IF(D100<>"",VLOOKUP(H100,TABLEITEM,3,FALSE),"") -> เหล็กท่อกลม 3/4'' หนา 2.8 มิล | N100: =INSTOCK!$I100*INSTOCK!$K100 -> 3430
B101: 100 | C101: 43101 | D101: ยอดยกมา17 | H101: SO301006000 | I101: 3.7 | L101: =IF(D101<>"",VLOOKUP(H101,TABLEITEM,2,FALSE),"") -> MAT ST | M101: =IF(D101<>"",VLOOKUP(H101,TABLEITEM,3,FALSE),"") -> เหล็กท่อกลม 4'' หนา 3 มิล | N101: =INSTOCK!$I101*INSTOCK!$K101 -> 0
B102: 101 | C102: 43101 | D102: ยอดยกมา17 | H102: SF30406000 | I102: 0 | L102: =IF(D102<>"",VLOOKUP(H102,TABLEITEM,2,FALSE),"") -> MAT ST | M102: =IF(D102<>"",VLOOKUP(H102,TABLEITEM,3,FALSE),"") -> เหล็กแบน 1''1/2 หนา 3 มิล | N102: =INSTOCK!$I102*INSTOCK!$K102 -> 0
B103: 102 | C103: 43101 | D103: ยอดยกมา17 | H103: SF45406000 | I103: 0 | L103: =IF(D103<>"",VLOOKUP(H103,TABLEITEM,2,FALSE),"") -> MAT ST | M103: =IF(D103<>"",VLOOKUP(H103,TABLEITEM,3,FALSE),"") -> เหล็กแบน 1''1/2 หนา 4.5 มิล | N103: =INSTOCK!$I103*INSTOCK!$K103 -> 0
...

Sheet TABLEITEM
A1: INSTOCK
A2: NO. | B2: CODE | C2: GROUP | D2: LIST | E2: unit | F2: LOCATION | G2: MAX | H2: SUM IN | I2: SUM OUT | J2: คงเหลือ | L2: GROUP | M2: กลุ่ม ประเภท
A3: 1 | B3: JHH8546835 | C3: PART | D3: คานเจปรับระดับ854x68x35T3.0 | G3: {=MAX(IF(INSTOCK!$H$2:$H$2025=B3,INSTOCK!$K$2:$K$2025))} -> 0 | H3: =SUM(IF(INSTOCK!$H$2:$H$2025=B3,INSTOCK!$I$2:$I$2025)) -> 0 | I3: =SUM(IF([1]!Table13[ID]=B3,[1]!Table13[QTY])) -> #ERROR! | J3: =TABLEITEM!$H$3:$H$1138-TABLEITEM!$I$3:$I$1138 -> #ERROR! | L3: MAT ST | M3: วัสดุ แผ่นเหล็ก
A4: 2 | B4: SO23206000 | C4: PART | D4: เหล็กท่อกลม 3/4" หนา 2.3 มิล | G4: {=MAX(IF(INSTOCK!$H$2:$H$2025=B4,INSTOCK!$K$2:$K$2025))} -> 37.5 | H4: =SUM(IF(INSTOCK!$H$2:$H$2025=B4,INSTOCK!$I$2:$I$2025)) -> 0 | I4: =SUM(IF([1]!Table13[ID]=B4,[1]!Table13[QTY])) -> #ERROR! | J4: =TABLEITEM!$H$3:$H$1138-TABLEITEM!$I$3:$I$1138 -> #ERROR! | L4: MAT GL | M4: วัสดุ กระจก
A5: 3 | B5: ACB70251020 | C5: PART | D5: คานตัวC 70x25T3.0x1020 | G5: {=MAX(IF(INSTOCK!$H$2:$H$2025=B5,INSTOCK!$K$2:$K$2025))} -> 0 | H5: =SUM(IF(INSTOCK!$H$2:$H$2025=B5,INSTOCK!$I$2:$I$2025)) -> 0 | I5: =SUM(IF([1]!Table13[ID]=B5,[1]!Table13[QTY])) -> #ERROR! | J5: =TABLEITEM!$H$3:$H$1138-TABLEITEM!$I$3:$I$1138 -> #ERROR! | L5: PART | M5: ชิ้นส่วนสำเร็จรูป
A6: 4 | B6: ACB7025420 | C6: PART | D6: คานตัวC 70x25T3.0x420 | G6: {=MAX(IF(INSTOCK!$H$2:$H$2025=B6,INSTOCK!$K$2:$K$2025))} -> 0 | H6: =SUM(IF(INSTOCK!$H$2:$H$2025=B6,INSTOCK!$I$2:$I$2025)) -> 0 | I6: =SUM(IF([1]!Table13[ID]=B6,[1]!Table13[QTY])) -> #ERROR! | J6: =TABLEITEM!$H$3:$H$1138-TABLEITEM!$I$3:$I$1138 -> #ERROR!
A7: 5 | B7: ACB7025495 | C7: PART | D7: คานตัวC 70x25T3.0x495 | G7: {=MAX(IF(INSTOCK!$H$2:$H$2025=B7,INSTOCK!$K$2:$K$2025))} -> 0 | H7: =SUM(IF(INSTOCK!$H$2:$H$2025=B7,INSTOCK!$I$2:$I$2025)) -> 0 | I7: =SUM(IF([1]!Table13[ID]=B7,[1]!Table13[QTY])) -> #ERROR! | J7: =TABLEITEM!$H$3:$H$1138-TABLEITEM!$I$3:$I$1138 -> #ERROR!
A8: 6 | B8: ACB7025520 | C8: PART | D8: คานตัวC 70x25T3.0x520 | G8: {=MAX(IF(INSTOCK!$H$2:$H$2025=B8,INSTOCK!$K$2:$K$2025))} -> 0 | H8: =SUM(IF(INSTOCK!$H$2:$H$2025=B8,INSTOCK!$I$2:$I$2025)) -> 0 | I8: =SUM(IF([1]!Table13[ID]=B8,[1]!Table13[QTY])) -> #ERROR! | J8: =TABLEITEM!$H$3:$H$1138-TABLEITEM!$I$3:$I$1138 -> #ERROR!
A9: 7 | B9: ACB7025620 | C9: PART | D9: คานตัวC 70x25T3.0x620 | G9: {=MAX(IF(INSTOCK!$H$2:$H$2025=B9,INSTOCK!$K$2:$K$2025))} -> 0 | H9: =SUM(IF(INSTOCK!$H$2:$H$2025=B9,INSTOCK!$I$2:$I$2025)) -> 0 | I9: =SUM(IF([1]!Table13[ID]=B9,[1]!Table13[QTY])) -> #ERROR! | J9: =TABLEITEM!$H$3:$H$1138-TABLEITEM!$I$3:$I$1138 -> #ERROR!
A10: 8 | B10: ACB7025720 | C10: PART | D10: คานตัวC 70x25T3.0x720 | G10: {=MAX(IF(INSTOCK!$H$2:$H$2025=B10,INSTOCK!$K$2:$K$2025))} -> 0 | H10: =SUM(IF(INSTOCK!$H$2:$H$2025=B10,INSTOCK!$I$2:$I$2025)) -> 0 | I10: =SUM(IF([1]!Table13[ID]=B10,[1]!Table13[QTY])) -> #ERROR! | J10: =TABLEITEM!$H$3:$H$1138-TABLEITEM!$I$3:$I$1138 -> #ERROR!
A11: 9 | B11: ACB7025790 | C11: PART | D11: คานตัวC 70x25T3.0x790 | G11: {=MAX(IF(INSTOCK!$H$2:$H$2025=B11,INSTOCK!$K$2:$K$2025))} -> 0 | H11: =SUM(IF(INSTOCK!$H$2:$H$2025=B11,INSTOCK!$I$2:$I$2025)) -> 0 | I11: =SUM(IF([1]!Table13[ID]=B11,[1]!Table13[QTY])) -> #ERROR! | J11: =TABLEITEM!$H$3:$H$1138-TABLEITEM!$I$3:$I$1138 -> #ERROR!
A12: 10 | B12: ACB7025795 | C12: PART | D12: คานตัวC 70x25T3.0x795 | G12: {=MAX(IF(INSTOCK!$H$2:$H$2025=B12,INSTOCK!$K$2:$K$2025))} -> 0 | H12: =SUM(IF(INSTOCK!$H$2:$H$2025=B12,INSTOCK!$I$2:$I$2025)) -> 0 | I12: =SUM(IF([1]!Table13[ID]=B12,[1]!Table13[QTY])) -> #ERROR! | J12: =TABLEITEM!$H$3:$H$1138-TABLEITEM!$I$3:$I$1138 -> #ERROR!
A13: 11 | B13: ACB7025820 | C13: PART | D13: คานตัวC 70x25T3.0x820 | G13: {=MAX(IF(INSTOCK!$H$2:$H$2025=B13,INSTOCK!$K$2:$K$2025))} -> 0 | H13: =SUM(IF(INSTOCK!$H$2:$H$2025=B13,INSTOCK!$I$2:$I$2025)) -> 0 | I13: =SUM(IF([1]!Table13[ID]=B13,[1]!Table13[QTY])) -> #ERROR! | J13: =TABLEITEM!$H$3:$H$1138-TABLEITEM!$I$3:$I$1138 -> #ERROR!
A14: 12 | B14: ACB7025895 | C14: PART | D14: คานตัวC 70x25T3.0x895 | G14: {=MAX(IF(INSTOCK!$H$2:$H$2025=B14,INSTOCK!$K$2:$K$2025))} -> 0 | H14: =SUM(IF(INSTOCK!$H$2:$H$2025=B14,INSTOCK!$I$2:$I$2025)) -> 0 | I14: =SUM(IF([1]!Table13[ID]=B14,[1]!Table13[QTY])) -> #ERROR! | J14: =TABLEITEM!$H$3:$H$1138-TABLEITEM!$I$3:$I$1138 -> #ERROR!
A15: 13 | B15: ACB7025920 | C15: PART | D15: คานตัวC 70x25T3.0x920 | G15: {=MAX(IF(INSTOCK!$H$2:$H$2025=B15,INSTOCK!$K$2:$K$2025))} -> 0 | H15: =SUM(IF(INSTOCK!$H$2:$H$2025=B15,INSTOCK!$I$2:$I$2025)) -> 0 | I15: =SUM(IF([1]!Table13[ID]=B15,[1]!Table13[QTY])) -> #ERROR! | J15: =TABLEITEM!$H$3:$H$1138-TABLEITEM!$I$3:$I$1138 -> #ERROR!
A16: 14 | B16: ACB7035790 | C16: PART | D16: คานตัวC 70x35T3.0x790 | G16: {=MAX(IF(INSTOCK!$H$2:$H$2025=B16,INSTOCK!$K$2:$K$2025))} -> 0 | H16: =SUM(IF(INSTOCK!$H$2:$H$2025=B16,INSTOCK!$I$2:$I$2025)) -> 0 | I16: =SUM(IF([1]!Table13[ID]=B16,[1]!Table13[QTY])) -> #ERROR! | J16: =TABLEITEM!$H$3:$H$1138-TABLEITEM!$I$3:$I$1138 -> #ERROR!
A17: 15 | B17: ACB7035794 | C17: PART | D17: คานตัวC 70x35T3.0x794 | G17: {=MAX(IF(INSTOCK!$H$2:$H$2025=B17,INSTOCK!$K$2:$K$2025))} -> 0 | H17: =SUM(IF(INSTOCK!$H$2:$H$2025=B17,INSTOCK!$I$2:$I$2025)) -> 0 | I17: =SUM(IF([1]!Table13[ID]=B17,[1]!Table13[QTY])) -> #ERROR! | J17: =TABLEITEM!$H$3:$H$1138-TABLEITEM!$I$3:$I$1138 -> #ERROR!
... A40: 38 | B40: BR1501400338 | C40: PART | D40: แผ่นเบกไลท์ 140x338 T15 | G40: {=MAX(IF(INSTOCK!$H$2:$H$2025=B40,INSTOCK!$K$2:$K$2025))} -> 440 | H40: =SUM(IF(INSTOCK!$H$2:$H$2025=B40,INSTOCK!$I$2:$I$2025)) -> 0 | I40: =SUM(IF([1]!Table13[ID]=B40,[1]!Table13[QTY])) -> #ERROR! | J40: =TABLEITEM!$H$3:$H$1138-TABLEITEM!$I$3:$I$1138 -> #ERROR!
A41: 39 | B41: BR5012202440 | C41: PART | D41: แผ่นเบกไลท์ 1220x2440T5.0 | E41: ชินโชริ | G41: {=MAX(IF(INSTOCK!$H$2:$H$2025=B41,INSTOCK!$K$2:$K$2025))} -> 3500 | H41: =SUM(IF(INSTOCK!$H$2:$H$2025=B41,INSTOCK!$I$2:$I$2025)) -> 0 | I41: =SUM(IF([1]!Table13[ID]=B41,[1]!Table13[QTY])) -> #ERROR! | J41: =TABLEITEM!$H$3:$H$1138-TABLEITEM!$I$3:$I$1138 -> #ERROR!
A42: 40 | B42: CAB401075 | C42: PART | D42: หมวกตู้ 40x1075 | G42: {=MAX(IF(INSTOCK!$H$2:$H$2025=B42,INSTOCK!$K$2:$K$2025))} -> 0 | H42: =SUM(IF(INSTOCK!$H$2:$H$2025=B42,INSTOCK!$I$2:$I$2025)) -> 0 | I42: =SUM(IF([1]!Table13[ID]=B42,[1]!Table13[QTY])) -> #ERROR! | J42: =TABLEITEM!$H$3:$H$1138-TABLEITEM!$I$3:$I$1138 -> #ERROR!
A43: 41 | B43: CAB401175 | C43: PART | D43: หมวกตู้ 40x1175 | G43: {=MAX(IF(INSTOCK!$H$2:$H$2025=B43,INSTOCK!$K$2:$K$2025))} -> 0 | H43: =SUM(IF(INSTOCK!$H$2:$H$2025=B43,INSTOCK!$I$2:$I$2025)) -> 0 | I43: =SUM(IF([1]!Table13[ID]=B43,[1]!Table13[QTY])) -> #ERROR! | J43: =TABLEITEM!$H$3:$H$1138-TABLEITEM!$I$3:$I$1138 -> #ERROR!
A44: 42 | B44: CAB40275 | C44: PART | D44: หมวกตู้ 40x275 | G44: {=MAX(IF(INSTOCK!$H$2:$H$2025=B44,INSTOCK!$K$2:$K$2025))} -> 0 | H44: =SUM(IF(INSTOCK!$H$2:$H$2025=B44,INSTOCK!$I$2:$I$2025)) -> 0 | I44: =SUM(IF([1]!Table13[ID]=B44,[1]!Table13[QTY])) -> #ERROR! | J44: =TABLEITEM!$H$3:$H$1138-TABLEITEM!$I$3:$I$1138 -> #ERROR!
A45: 43 | B45: CAB40325 | C45: PART | D45: หมวกตู้ 40x325 | G45: {=MAX(IF(INSTOCK!$H$2:$H$2025=B45,INSTOCK!$K$2:$K$2025))} -> 0 | H45: =SUM(IF(INSTOCK!$H$2:$H$2025=B45,INSTOCK!$I$2:$I$2025)) -> 0 | I45: =SUM(IF([1]!Table13[ID]=B45,[1]!Table13[QTY])) -> #ERROR! | J45: =TABLEITEM!$H$3:$H$1138-TABLEITEM!$I$3:$I$1138 -> #ERROR!
A46: 44 | B46: CAB40375 | C46: PART | D46: หมวกตู้ 40x375 | G46: {=MAX(IF(INSTOCK!$H$2:$H$2025=B46,INSTOCK!$K$2:$K$2025))} -> 0 | H46: =SUM(IF(INSTOCK!$H$2:$H$2025=B46,INSTOCK!$I$2:$I$2025)) -> 0 | I46: =SUM(IF([1]!Table13[ID]=B46,[1]!Table13[QTY])) -> #ERROR! | J46: =TABLEITEM!$H$3:$H$1138-TABLEITEM!$I$3:$I$1138 -> #ERROR!
A47: 45 | B47: CAB40475 | C47: PART | D47: หมวกตู้ 40x475 | G47: {=MAX(IF(INSTOCK!$H$2:$H$2025=B47,INSTOCK!$K$2:$K$2025))} -> 0 | H47: =SUM(IF(INSTOCK!$H$2:$H$2025=B47,INSTOCK!$I$2:$I$2025)) -> 0 | I47: =SUM(IF([1]!Table13[ID]=B47,[1]!Table13[QTY])) -> #ERROR! | J47: =TABLEITEM!$H$3:$H$1138-TABLEITEM!$I$3:$I$1138 -> #ERROR!
A48: 46 | B48: CAB40575 | C48: PART | D48: หมวกตู้ 40x575 | G48: {=MAX(IF(INSTOCK!$H$2:$H$2025=B48,INSTOCK!$K$2:$K$2025))} -> 0 | H48: =SUM(IF(INSTOCK!$H$2:$H$2025=B48,INSTOCK!$I$2:$I$2025)) -> 0 | I48: =SUM(IF([1]!Table13[ID]=B48,[1]!Table13[QTY])) -> #ERROR! | J48: =TABLEITEM!$H$3:$H$1138-TABLEITEM!$I$3:$I$1138 -> #ERROR!
A49: 47 | B49: CAB40675 | C49: PART | D49: หมวกตู้ 40x675 | G49: {=MAX(IF(INSTOCK!$H$2:$H$2025=B49,INSTOCK!$K$2:$K$2025))} -> 0 | H49: =SUM(IF(INSTOCK!$H$2:$H$2025=B49,INSTOCK!$I$2:$I$2025)) -> 0 | I49: =SUM(IF([1]!Table13[ID]=B49,[1]!Table13[QTY])) -> #ERROR! | J49: =TABLEITEM!$H$3:$H$1138-TABLEITEM!$I$3:$I$1138 -> #ERROR!
A50: 48 | B50: CAB40775 | C50: PART | D50: หมวกตู้ 40x775 | G50: {=MAX(IF(INSTOCK!$H$2:$H$2025=B50,INSTOCK!$K$2:$K$2025))} -> 0 | H50: =SUM(IF(INSTOCK!$H$2:$H$2025=B50,INSTOCK!$I$2:$I$2025)) -> 0 | I50: =SUM(IF([1]!Table13[ID]=B50,[1]!Table13[QTY])) -> #ERROR! | J50: =TABLEITEM!$H$3:$H$1138-TABLEITEM!$I$3:$I$1138 -> #ERROR!
A51: 49 | B51: CAB40875 | C51: PART | D51: หมวกตู้ 40x875 | G51: {=MAX(IF(INSTOCK!$H$2:$H$2025=B51,INSTOCK!$K$2:$K$2025))} -> 0 | H51: =SUM(IF(INSTOCK!$H$2:$H$2025=B51,INSTOCK!$I$2:$I$2025)) -> 0 | I51: =SUM(IF([1]!Table13[ID]=B51,[1]!Table13[QTY])) -> #ERROR! | J51: =TABLEITEM!$H$3:$H$1138-TABLEITEM!$I$3:$I$1138 -> #ERROR!
A52: 50 | B52: CAB40975 | C52: PART | D52: หมวกตู้ 40x975 | G52: {=MAX(IF(INSTOCK!$H$2:$H$2025=B52,INSTOCK!$K$2:$K$2025))} -> 0 | H52: =SUM(IF(INSTOCK!$H$2:$H$2025=B52,INSTOCK!$I$2:$I$2025)) -> 0 | I52: =SUM(IF([1]!Table13[ID]=B52,[1]!Table13[QTY])) -> #ERROR! | J52: =TABLEITEM!$H$3:$H$1138-TABLEITEM!$I$3:$I$1138 -> #ERROR!
A53: 51 | B53: CAH601075 | C53: PART | D53: หมวกตู้ 60x1075 | G53: {=MAX(IF(INSTOCK!$H$2:$H$2025=B53,INSTOCK!$K$2:$K$2025))} -> 0 | H53: =SUM(IF(INSTOCK!$H$2:$H$2025=B53,INSTOCK!$I$2:$I$2025)) -> 0 | I53: =SUM(IF([1]!Table13[ID]=B53,[1]!Table13[QTY])) -> #ERROR! | J53: =TABLEITEM!$H$3:$H$1138-TABLEITEM!$I$3:$I$1138 -> #ERROR!
... A305: 303 | B305: GL30103X268 | C305: MAT GL | D305: กระจก103X268T3.0 | G305: {=MAX(IF(INSTOCK!$H$2:$H$2025=B305,INSTOCK!$K$2:$K$2025))} -> 25 | H305: =SUM(IF(INSTOCK!$H$2:$H$2025=B305,INSTOCK!$I$2:$I$2025)) -> 0 | I305: =SUM(IF([1]!Table13[ID]=B305,[1]!Table13[QTY])) -> #ERROR! | J305: =TABLEITEM!$H$3:$H$1138-TABLEITEM!$I$3:$I$1138 -> #ERROR!
A306: 304 | B306: GL30108X208 | C306: MAT GL | D306: กระจก108x208T3.0 | E306: แผ่น | G306: {=MAX(IF(INSTOCK!$H$2:$H$2025=B306,INSTOCK!$K$2:$K$2025))} -> 25 | H306: =SUM(IF(INSTOCK!$H$2:$H$2025=B306,INSTOCK!$I$2:$I$2025)) -> 0 | I306: =SUM(IF([1]!Table13[ID]=B306,[1]!Table13[QTY])) -> #ERROR! | J306: =TABLEITEM!$H$3:$H$1138-TABLEITEM!$I$3:$I$1138 -> #ERROR!
A307: 305 | B307: GL30108X308 | C307: MAT GL | D307: กระจก108x308T3.0 | E307: แผ่น | G307: {=MAX(IF(INSTOCK!$H$2:$H$2025=B307,INSTOCK!$K$2:$K$2025))} -> 35 | H307: =SUM(IF(INSTOCK!$H$2:$H$2025=B307,INSTOCK!$I$2:$I$2025)) -> 0 | I307: =SUM(IF([1]!Table13[ID]=B307,[1]!Table13[QTY])) -> #ERROR! | J307: =TABLEITEM!$H$3:$H$1138-TABLEITEM!$I$3:$I$1138 -> #ERROR!
A308: 306 | B308: GL30118X260 | C308: MAT GL | D308: กระจก118x260T3.0 | E308: แผ่น | G308: {=MAX(IF(INSTOCK!$H$2:$H$2025=B308,INSTOCK!$K$2:$K$2025))} -> 25 | H308: =SUM(IF(INSTOCK!$H$2:$H$2025=B308,INSTOCK!$I$2:$I$2025)) -> 0 | I308: =SUM(IF([1]!Table13[ID]=B308,[1]!Table13[QTY])) -> #ERROR! | J308: =TABLEITEM!$H$3:$H$1138-TABLEITEM!$I$3:$I$1138 -> #ERROR!
A309: 307 | B309: GL30118X308 | C309: MAT GL | D309: กระจก118x308T3.0 | E309: แผ่น | G309: {=MAX(IF(INSTOCK!$H$2:$H$2025=B309,INSTOCK!$K$2:$K$2025))} -> 38 | H309: =SUM(IF(INSTOCK!$H$2:$H$2025=B309,INSTOCK!$I$2:$I$2025)) -> 0 | I309: =SUM(IF([1]!Table13[ID]=B309,[1]!Table13[QTY])) -> #ERROR! | J309: =TABLEITEM!$H$3:$H$1138-TABLEITEM!$I$3:$I$1138 -> #ERROR!
A310: 308 | B310: GL30132X132 | C310: MAT GL | D310: กระจก132X132T3.0 | E310: แผ่น | G310: {=MAX(IF(INSTOCK!$H$2:$H$2025=B310,INSTOCK!$K$2:$K$2025))} -> 25 | H310: =SUM(IF(INSTOCK!$H$2:$H$2025=B310,INSTOCK!$I$2:$I$2025)) -> 0 | I310: =SUM(IF([1]!Table13[ID]=B310,[1]!Table13[QTY])) -> #ERROR! | J310: =TABLEITEM!$H$3:$H$1138-TABLEITEM!$I$3:$I$1138 -> #ERROR!
A311: 310 | B311: GL30158X208 | C311: MAT GL | D311: กระจก158x208T3.0 | E311: แผ่น | G311: {=MAX(IF(INSTOCK!$H$2:$H$2025=B311,INSTOCK!$K$2:$K$2025))} -> 25 | H311: =SUM(IF(INSTOCK!$H$2:$H$2025=B311,INSTOCK!$I$2:$I$2025)) -> 0 | I311: =SUM(IF([1]!Table13[ID]=B311,[1]!Table13[QTY])) -> #ERROR! | J311: =TABLEITEM!$H$3:$H$1138-TABLEITEM!$I$3:$I$1138 -> #ERROR!
A312: 311 | B312: GL30158X308 | C312: MAT GL | D312: กระจก158x308T3.0 | E312: แผ่น | G312: {=MAX(IF(INSTOCK!$H$2:$H$2025=B312,INSTOCK!$K$2:$K$2025))} -> 38 | H312: =SUM(IF(INSTOCK!$H$2:$H$2025=B312,INSTOCK!$I$2:$I$2025)) -> 0 | I312: =SUM(IF([1]!Table13[ID]=B312,[1]!Table13[QTY])) -> #ERROR! | J312: =TABLEITEM!$H$3:$H$1138-TABLEITEM!$I$3:$I$1138 -> #ERROR!
A313: 312 | B313: GL30158X408 | C313: MAT GL | D313: กระจก158x408T3.0 | E313: แผ่น | G313: {=MAX(IF(INSTOCK!$H$2:$H$2025=B313,INSTOCK!$K$2:$K$2025))} -> 40 | H313: =SUM(IF(INSTOCK!$H$2:$H$2025=B313,INSTOCK!$I$2:$I$2025)) -> 0 | I313: =SUM(IF([1]!Table13[ID]=B313,[1]!Table13[QTY])) -> #ERROR! | J313: =TABLEITEM!$H$3:$H$1138-TABLEITEM!$I$3:$I$1138 -> #ERROR!
A314: 313 | B314: GLN30190X290 | C314: MAT GL | D314: กระจกลวด190X290T6.0 | E314: แผ่น | G314: {=MAX(IF(INSTOCK!$H$2:$H$2025=B314,INSTOCK!$K$2:$K$2025))} -> 0 | H314: =SUM(IF(INSTOCK!$H$2:$H$2025=B314,INSTOCK!$I$2:$I$2025)) -> 0 | I314: =SUM(IF([1]!Table13[ID]=B314,[1]!Table13[QTY])) -> #ERROR! | J314: =TABLEITEM!$H$3:$H$1138-TABLEITEM!$I$3:$I$1138 -> #ERROR!
A315: 314 | B315: GL30118X198 | C315: MAT GL | D315: กระจก118X198T3.0 | E315: แผ่น | G315: {=MAX(IF(INSTOCK!$H$2:$H$2025=B315,INSTOCK!$K$2:$K$2025))} -> 0 | H315: =SUM(IF(INSTOCK!$H$2:$H$2025=B315,INSTOCK!$I$2:$I$2025)) -> 0 | I315: =SUM(IF([1]!Table13[ID]=B315,[1]!Table13[QTY])) -> #ERROR! | J315: =TABLEITEM!$H$3:$H$1138-TABLEITEM!$I$3:$I$1138 -> #ERROR!
A316: 315 | B316: GL30208X408 | C316: MAT GL | D316: กระจก208X408T3.0 | E316: แผ่น | G316: {=MAX(IF(INSTOCK!$H$2:$H$2025=B316,INSTOCK!$K$2:$K$2025))} -> 50 | H316: =SUM(IF(INSTOCK!$H$2:$H$2025=B316,INSTOCK!$I$2:$I$2025)) -> 0 | I316: =SUM(IF([1]!Table13[ID]=B316,[1]!Table13[QTY])) -> #ERROR! | J316: =TABLEITEM!$H$3:$H$1138-TABLEITEM!$I$3:$I$1138 -> #ERROR!
A317: 316 | B317: GL30208X458 | C317: MAT GL | D317: กระจก208x458T3.0 | E317: แผ่น | G317: {=MAX(IF(INSTOCK!$H$2:$H$2025=B317,INSTOCK!$K$2:$K$2025))} -> 50 | H317: =SUM(IF(INSTOCK!$H$2:$H$2025=B317,INSTOCK!$I$2:$I$2025)) -> 0 | I317: =SUM(IF([1]!Table13[ID]=B317,[1]!Table13[QTY])) -> #ERROR! | J317: =TABLEITEM!$H$3:$H$1138-TABLEITEM!$I$3:$I$1138 -> #ERROR!
... A406: 405 | B406: GL50929X632 | C406: MAT GL | D406: กระจก929X632T5.0 | E406: แผ่น | G406: {=MAX(IF(INSTOCK!$H$2:$H$2025=B406,INSTOCK!$K$2:$K$2025))} -> 0 | H406: =SUM(IF(INSTOCK!$H$2:$H$2025=B406,INSTOCK!$I$2:$I$2025)) -> 0 | I406: =SUM(IF([1]!Table13[ID]=B406,[1]!Table13[QTY])) -> #ERROR! | J406: =TABLEITEM!$H$3:$H$1138-TABLEITEM!$I$3:$I$1138 -> #ERROR!
A407: 406 | B407: JHH10546835 | C407: PART | D407: คานนเจปรับระดับ1054x68x35 | G407: {=MAX(IF(INSTOCK!$H$2:$H$2025=B407,INSTOCK!$K$2:$K$2025))} -> 0 | H407: =SUM(IF(INSTOCK!$H$2:$H$2025=B407,INSTOCK!$I$2:$I$2025)) -> 0 | I407: =SUM(IF([1]!Table13[ID]=B407,[1]!Table13[QTY])) -> #ERROR! | J407: =TABLEITEM!$H$3:$H$1138-TABLEITEM!$I$3:$I$1138 -> #ERROR!
A408: 407 | B408: JHH11546835 | C408: PART | D408: คานนเจปรับระดับ1154x68x35 | G408: {=MAX(IF(INSTOCK!$H$2:$H$2025=B408,INSTOCK!$K$2:$K$2025))} -> 0 | H408: =SUM(IF(INSTOCK!$H$2:$H$2025=B408,INSTOCK!$I$2:$I$2025)) -> 0 | I408: =SUM(IF([1]!Table13[ID]=B408,[1]!Table13[QTY])) -> #ERROR! | J408: =TABLEITEM!$H$3:$H$1138-TABLEITEM!$I$3:$I$1138 -> #ERROR!
A409: 408 | B409: JHH4546835 | C409: PART | D409: คานเจปรับระดับ454x68x35T3.0 | G409: {=MAX(IF(INSTOCK!$H$2:$H$2025=B409,INSTOCK!$K$2:$K$2025))} -> 0 | H409: =SUM(IF(INSTOCK!$H$2:$H$2025=B409,INSTOCK!$I$2:$I$2025)) -> 0 | I409: =SUM(IF([1]!Table13[ID]=B409,[1]!Table13[QTY])) -> #ERROR! | J409: =TABLEITEM!$H$3:$H$1138-TABLEITEM!$I$3:$I$1138 -> #ERROR!
A410: 409 | B410: JHH5546835 | C410: PART | D410: คานเจปรับระดับ554x68x35T3.0 | G410: {=MAX(IF(INSTOCK!$H$2:$H$2025=B410,INSTOCK!$K$2:$K$2025))} -> 0 | H410: =SUM(IF(INSTOCK!$H$2:$H$2025=B410,INSTOCK!$I$2:$I$2025)) -> 0 | I410: =SUM(IF([1]!Table13[ID]=B410,[1]!Table13[QTY])) -> #ERROR! | J410: =TABLEITEM!$H$3:$H$1138-TABLEITEM!$I$3:$I$1138 -> #ERROR!
A411: 410 | B411: JHH6546835 | C411: PART | D411: คานเจปรับระดับ654x68x35T3.0 | G411: {=MAX(IF(INSTOCK!$H$2:$H$2025=B411,INSTOCK!$K$2:$K$2025))} -> 0 | H411: =SUM(IF(INSTOCK!$H$2:$H$2025=B411,INSTOCK!$I$2:$I$2025)) -> 0 | I411: =SUM(IF([1]!Table13[ID]=B411,[1]!Table13[QTY])) -> #ERROR! | J411: =TABLEITEM!$H$3:$H$1138-TABLEITEM!$I$3:$I$1138 -> #ERROR!
A412: 411 | B412: JHH7546835 | C412: PART | D412: คานเจปรับระดับ754x68x35T3.0 | G412: {=MAX(IF(INSTOCK!$H$2:$H$2025=B412,INSTOCK!$K$2:$K$2025))} -> 0 | H412: =SUM(IF(INSTOCK!$H$2:$H$2025=B412,INSTOCK!$I$2:$I$2025)) -> 0 | I412: =SUM(IF([1]!Table13[ID]=B412,[1]!Table13[QTY])) -> #ERROR! | J412: =TABLEITEM!$H$3:$H$1138-TABLEITEM!$I$3:$I$1138 -> #ERROR!
A413: 412 | B413: JHH9546835 | C413: PART | D413: คานเจปรับระดับ954x68x35T3.0 | G413: {=MAX(IF(INSTOCK!$H$2:$H$2025=B413,INSTOCK!$K$2:$K$2025))} -> 0 | H413: =SUM(IF(INSTOCK!$H$2:$H$2025=B413,INSTOCK!$I$2:$I$2025)) -> 0 | I413: =SUM(IF([1]!Table13[ID]=B413,[1]!Table13[QTY])) -> #ERROR! | J413: =TABLEITEM!$H$3:$H$1138-TABLEITEM!$I$3:$I$1138 -> #ERROR!
A414: 413 | B414: JJH65321054 | C414: PART | D414: คานเจ 2รู 65x32x1054 | G414: {=MAX(IF(INSTOCK!$H$2:$H$2025=B414,INSTOCK!$K$2:$K$2025))} -> 0 | H414: =SUM(IF(INSTOCK!$H$2:$H$2025=B414,INSTOCK!$I$2:$I$2025)) -> 0 | I414: =SUM(IF([1]!Table13[ID]=B414,[1]!Table13[QTY])) -> #ERROR! | J414: =TABLEITEM!$H$3:$H$1138-TABLEITEM!$I$3:$I$1138 -> #ERROR!
A415: 414 | B415: JJH65321154 | C415: PART | D415: คานเจ 2รู 65x32x1154 | G415: {=MAX(IF(INSTOCK!$H$2:$H$2025=B415,INSTOCK!$K$2:$K$2025))} -> 0 | H415: =SUM(IF(INSTOCK!$H$2:$H$2025=B415,INSTOCK!$I$2:$I$2025)) -> 0 | I415: =SUM(IF([1]!Table13[ID]=B415,[1]!Table13[QTY])) -> #ERROR! | J415: =TABLEITEM!$H$3:$H$1138-TABLEITEM!$I$3:$I$1138 -> #ERROR!
A416: 415 | B416: JJH65321254 | C416: PART | D416: คานเจ 2รู 65x32x1254 | G416: {=MAX(IF(INSTOCK!$H$2:$H$2025=B416,INSTOCK!$K$2:$K$2025))} -> 0 | H416: =SUM(IF(INSTOCK!$H$2:$H$2025=B416,INSTOCK!$I$2:$I$2025)) -> 0 | I416: =SUM(IF([1]!Table13[ID]=B416,[1]!Table13[QTY])) -> #ERROR! | J416: =TABLEITEM!$H$3:$H$1138-TABLEITEM!$I$3:$I$1138 -> #ERROR!
A417: 416 | B417: JJH6532324 | C417: PART | D417: คานเจ 2รู 65x32x324 | G417: {=MAX(IF(INSTOCK!$H$2:$H$2025=B417,INSTOCK!$K$2:$K$2025))} -> 0 | H417: =SUM(IF(INSTOCK!$H$2:$H$2025=B417,INSTOCK!$I$2:$I$2025)) -> 0 | I417: =SUM(IF([1]!Table13[ID]=B417,[1]!Table13[QTY])) -> #ERROR! | J417: =TABLEITEM!$H$3:$H$1138-TABLEITEM!$I$3:$I$1138 -> #ERROR!
A418: 417 | B418: JJH6532330 | C418: PART | D418: คานเจ 2รู 65x32x330 | G418: {=MAX(IF(INSTOCK!$H$2:$H$2025=B418,INSTOCK!$K$2:$K$2025))} -> 0 | H418: =SUM(IF(INSTOCK!$H$2:$H$2025=B418,INSTOCK!$I$2:$I$2025)) -> 0 | I418: =SUM(IF([1]!Table13[ID]=B418,[1]!Table13[QTY])) -> #ERROR! | J418: =TABLEITEM!$H$3:$H$1138-TABLEITEM!$I$3:$I$1138 -> #ERROR!
... A518: 517 | B518: MB995195 | C518: PART | D518: ฉากกันตก 995x195 | G518: {=MAX(IF(INSTOCK!$H$2:$H$2025=B518,INSTOCK!$K$2:$K$2025))} -> 0 | H518: =SUM(IF(INSTOCK!$H$2:$H$2025=B518,INSTOCK!$I$2:$I$2025)) -> 0 | I518: =SUM(IF([1]!Table13[ID]=B518,[1]!Table13[QTY])) -> #ERROR! | J518: =TABLEITEM!$H$3:$H$1138-TABLEITEM!$I$3:$I$1138 -> #ERROR!
A519: 518 | B519: GLN50362x812 | C519: MAT GL | D519: กระจกลวด362X812T5.0 | E519: แผ่น | G519: {=MAX(IF(INSTOCK!$H$2:$H$2025=B519,INSTOCK!$K$2:$K$2025))} -> 0 | H519: =SUM(IF(INSTOCK!$H$2:$H$2025=B519,INSTOCK!$I$2:$I$2025)) -> 0 | I519: =SUM(IF([1]!Table13[ID]=B519,[1]!Table13[QTY])) -> #ERROR! | J519: =TABLEITEM!$H$3:$H$1138-TABLEITEM!$I$3:$I$1138 -> #ERROR!
A520: 519 | B520: GLN50362x612 | C520: MAT GL | D520: กระจกลวด362X612T5.0 | E520: แผ่น | G520: {=MAX(IF(INSTOCK!$H$2:$H$2025=B520,INSTOCK!$K$2:$K$2025))} -> 0 | H520: =SUM(IF(INSTOCK!$H$2:$H$2025=B520,INSTOCK!$I$2:$I$2025)) -> 0 | I520: =SUM(IF([1]!Table13[ID]=B520,[1]!Table13[QTY])) -> #ERROR! | J520: =TABLEITEM!$H$3:$H$1138-TABLEITEM!$I$3:$I$1138 -> #ERROR!
A521: 520 | B521: PE220690 | C521: PART | D521: แพลทยึดอุปกรณ์220x690 | G521: {=MAX(IF(INSTOCK!$H$2:$H$2025=B521,INSTOCK!$K$2:$K$2025))} -> 0 | H521: =SUM(IF(INSTOCK!$H$2:$H$2025=B521,INSTOCK!$I$2:$I$2025)) -> 0 | I521: =SUM(IF([1]!Table13[ID]=B521,[1]!Table13[QTY])) -> #ERROR! | J521: =TABLEITEM!$H$3:$H$1138-TABLEITEM!$I$3:$I$1138 -> #ERROR!
A522: 521 | B522: PE220700 | C522: PART | D522: แพลทยึดอุปกรณ์220x700 | G522: {=MAX(IF(INSTOCK!$H$2:$H$2025=B522,INSTOCK!$K$2:$K$2025))} -> 0 | H522: =SUM(IF(INSTOCK!$H$2:$H$2025=B522,INSTOCK!$I$2:$I$2025)) -> 0 | I522: =SUM(IF([1]!Table13[ID]=B522,[1]!Table13[QTY])) -> #ERROR! | J522: =TABLEITEM!$H$3:$H$1138-TABLEITEM!$I$3:$I$1138 -> #ERROR!
A523: 522 | B523: PE270590 | C523: PART | D523: แพลทยึดอุปกรณ์270x590 | G523: {=MAX(IF(INSTOCK!$H$2:$H$2025=B523,INSTOCK!$K$2:$K$2025))} -> 0 | H523: =SUM(IF(INSTOCK!$H$2:$H$2025=B523,INSTOCK!$I$2:$I$2025)) -> 0 | I523: =SUM(IF([1]!Table13[ID]=B523,[1]!Table13[QTY])) -> #ERROR! | J523: =TABLEITEM!$H$3:$H$1138-TABLEITEM!$I$3:$I$1138 -> #ERROR!
A524: 523 | B524: PE270690 | C524: PART | D524: แพลทยึดอุปกรณ์270x690 | G524: {=MAX(IF(INSTOCK!$H$2:$H$2025=B524,INSTOCK!$K$2:$K$2025))} -> 0 | H524: =SUM(IF(INSTOCK!$H$2:$H$2025=B524,INSTOCK!$I$2:$I$2025)) -> 0 | I524: =SUM(IF([1]!Table13[ID]=B524,[1]!Table13[QTY])) -> #ERROR! | J524: =TABLEITEM!$H$3:$H$1138-TABLEITEM!$I$3:$I$1138 -> #ERROR!
A525: 524 | B525: PE295300 | C525: PART | D525: แพลทยึดอุปกรณ์295x300 | G525: {=MAX(IF(INSTOCK!$H$2:$H$2025=B525,INSTOCK!$K$2:$K$2025))} -> 0 | H525: =SUM(IF(INSTOCK!$H$2:$H$2025=B525,INSTOCK!$I$2:$I$2025)) -> 0 | I525: =SUM(IF([1]!Table13[ID]=B525,[1]!Table13[QTY])) -> #ERROR! | J525: =TABLEITEM!$H$3:$H$1138-TABLEITEM!$I$3:$I$1138 -> #ERROR!
A526: 525 | B526: PE345250 | C526: PART | D526: แพลทยึดอุปกรณ์345x250 | G526: {=MAX(IF(INSTOCK!$H$2:$H$2025=B526,INSTOCK!$K$2:$K$2025))} -> 0 | H526: =SUM(IF(INSTOCK!$H$2:$H$2025=B526,INSTOCK!$I$2:$I$2025)) -> 0 | I526: =SUM(IF([1]!Table13[ID]=B526,[1]!Table13[QTY])) -> #ERROR! | J526: =TABLEITEM!$H$3:$H$1138-TABLEITEM!$I$3:$I$1138 -> #ERROR!
A527: 526 | B527: PE345300 | C527: PART | D527: แพลทยึดอุปกรณ์345x300 | G527: {=MAX(IF(INSTOCK!$H$2:$H$2025=B527,INSTOCK!$K$2:$K$2025))} -> 0 | H527: =SUM(IF(INSTOCK!$H$2:$H$2025=B527,INSTOCK!$I$2:$I$2025)) -> 0 | I527: =SUM(IF([1]!Table13[ID]=B527,[1]!Table13[QTY])) -> #ERROR! | J527: =TABLEITEM!$H$3:$H$1138-TABLEITEM!$I$3:$I$1138 -> #ERROR!
A528: 527 | B528: PE345450 | C528: PART | D528: แพลทยึดอุปกรณ์345x450 | G528: {=MAX(IF(INSTOCK!$H$2:$H$2025=B528,INSTOCK!$K$2:$K$2025))} -> 0 | H528: =SUM(IF(INSTOCK!$H$2:$H$2025=B528,INSTOCK!$I$2:$I$2025)) -> 0 | I528: =SUM(IF([1]!Table13[ID]=B528,[1]!Table13[QTY])) -> #ERROR! | J528: =TABLEITEM!$H$3:$H$1138-TABLEITEM!$I$3:$I$1138 -> #ERROR!
A529: 528 | B529: PE345590 | C529: PART | D529: แพลทยึดอุปกรณ์345x590 | G529: {=MAX(IF(INSTOCK!$H$2:$H$2025=B529,INSTOCK!$K$2:$K$2025))} -> 0 | H529: =SUM(IF(INSTOCK!$H$2:$H$2025=B529,INSTOCK!$I$2:$I$2025)) -> 0 | I529: =SUM(IF([1]!Table13[ID]=B529,[1]!Table13[QTY])) -> #ERROR! | J529: =TABLEITEM!$H$3:$H$1138-TABLEITEM!$I$3:$I$1138 -> #ERROR!
A530: 529 | B530: PE345600 | C530: PART | D530: แพลทยึดอุปกรณ์345x600 | G530: {=MAX(IF(INSTOCK!$H$2:$H$2025=B530,INSTOCK!$K$2:$K$2025))} -> 0 | H530: =SUM(IF(INSTOCK!$H$2:$H$2025=B530,INSTOCK!$I$2:$I$2025)) -> 0 | I530: =SUM(IF([1]!Table13[ID]=B530,[1]!Table13[QTY])) -> #ERROR! | J530: =TABLEITEM!$H$3:$H$1138-TABLEITEM!$I$3:$I$1138 -> #ERROR!
A531: 530 | B531: PE345690 | C531: PART | D531: แพลทยึดอุปกรณ์345x690 | G531: {=MAX(IF(INSTOCK!$H$2:$H$2025=B531,INSTOCK!$K$2:$K$2025))} -> 0 | H531: =SUM(IF(INSTOCK!$H$2:$H$2025=B531,INSTOCK!$I$2:$I$2025)) -> 0 | I531: =SUM(IF([1]!Table13[ID]=B531,[1]!Table13[QTY])) -> #ERROR! | J531: =TABLEITEM!$H$3:$H$1138-TABLEITEM!$I$3:$I$1138 -> #ERROR!
A532: 531 | B532: PE495250 | C532: PART | D532: แพลทยึดอุปกรณ์495x250 | G532: {=MAX(IF(INSTOCK!$H$2:$H$2025=B532,INSTOCK!$K$2:$K$2025))} -> 0 | H532: =SUM(IF(INSTOCK!$H$2:$H$2025=B532,INSTOCK!$I$2:$I$2025)) -> 0 | I532: =SUM(IF([1]!Table13[ID]=B532,[1]!Table13[QTY])) -> #ERROR! | J532: =TABLEITEM!$H$3:$H$1138-TABLEITEM!$I$3:$I$1138 -> #ERROR!
... A561: 560 | B561: PK31645 | C561: PART | D561: กระเป๋าเอกสารรุ่น 316x45 | G561: {=MAX(IF(INSTOCK!$H$2:$H$2025=B561,INSTOCK!$K$2:$K$2025))} -> 0 | H561: =SUM(IF(INSTOCK!$H$2:$H$2025=B561,INSTOCK!$I$2:$I$2025)) -> 0 | I561: =SUM(IF([1]!Table13[ID]=B561,[1]!Table13[QTY])) -> #ERROR! | J561: =TABLEITEM!$H$3:$H$1138-TABLEITEM!$I$3:$I$1138 -> #ERROR!
A562: 561 | B562: PVC2012202440 | C562: MAT ST | D562: แผ่นPVC ใส4'x8'T2.0 | E562: KOBAL | G562: {=MAX(IF(INSTOCK!$H$2:$H$2025=B562,INSTOCK!$K$2:$K$2025))} -> 1400 | H562: =SUM(IF(INSTOCK!$H$2:$H$2025=B562,INSTOCK!$I$2:$I$2025)) -> 0 | I562: =SUM(IF([1]!Table13[ID]=B562,[1]!Table13[QTY])) -> #ERROR! | J562: =TABLEITEM!$H$3:$H$1138-TABLEITEM!$I$3:$I$1138 -> #ERROR!
A563: 562 | B563: PVC5012202440 | C563: MAT ST | D563: แผ่นPVC ใส4'x8'T5.0 | G563: {=MAX(IF(INSTOCK!$H$2:$H$2025=B563,INSTOCK!$K$2:$K$2025))} -> 2480 | H563: =SUM(IF(INSTOCK!$H$2:$H$2025=B563,INSTOCK!$I$2:$I$2025)) -> 0 | I563: =SUM(IF([1]!Table13[ID]=B563,[1]!Table13[QTY])) -> #ERROR! | J563: =TABLEITEM!$H$3:$H$1138-TABLEITEM!$I$3:$I$1138 -> #ERROR!
A564: 563 | B564: SAF50386000 | C564: MAT ST | D564: อลูมิเนียมแบน2'x3/8 | G564: {=MAX(IF(INSTOCK!$H$2:$H$2025=B564,INSTOCK!$K$2:$K$2025))} -> 206.7 | H564: =SUM(IF(INSTOCK!$H$2:$H$2025=B564,INSTOCK!$I$2:$I$2025)) -> 0 | I564: =SUM(IF([1]!Table13[ID]=B564,[1]!Table13[QTY])) -> #ERROR! | J564: =TABLEITEM!$H$3:$H$1138-TABLEITEM!$I$3:$I$1138 -> #ERROR!
A565: 564 | B565: SAL3012202440 | C565: MAT ST | D565: แผ่นอลูมิเนียม4'x8'T3.0 | E565: ASSAVA METAL | G565: {=MAX(IF(INSTOCK!$H$2:$H$2025=B565,INSTOCK!$K$2:$K$2025))} -> 2365 | H565: =SUM(IF(INSTOCK!$H$2:$H$2025=B565,INSTOCK!$I$2:$I$2025)) -> 0 | I565: =SUM(IF([1]!Table13[ID]=B565,[1]!Table13[QTY])) -> #ERROR! | J565: =TABLEITEM!$H$3:$H$1138-TABLEITEM!$I$3:$I$1138 -> #ERROR!
A566: 565 | B566: SAL6012202440 | C566: MAT ST | D566: แผ่นอลูมิเนียม4'x8'T6.0 | E566: ASSAVA METAL | G566: {=MAX(IF(INSTOCK!$H$2:$H$2025=B566,INSTOCK!$K$2:$K$2025))} -> 4990 | H566: =SUM(IF(INSTOCK!$H$2:$H$2025=B566,INSTOCK!$I$2:$I$2025)) -> 0 | I566: =SUM(IF([1]!Table13[ID]=B566,[1]!Table13[QTY])) -> #ERROR! | J566: =TABLEITEM!$H$3:$H$1138-TABLEITEM!$I$3:$I$1138 -> #ERROR!
A567: 566 | B567: SB0612202440 | C567: MAT ST | D567: แผ่นตระแกรงระบาย 4x8รู 3มิลT0.6 | E567: ผลิตภัณตะแกรงเหล็ก | G567: {=MAX(IF(INSTOCK!$H$2:$H$2025=B567,INSTOCK!$K$2:$K$2025))} -> 520 | H567: =SUM(IF(INSTOCK!$H$2:$H$2025=B567,INSTOCK!$I$2:$I$2025)) -> 0 | I567: =SUM(IF([1]!Table13[ID]=B567,[1]!Table13[QTY])) -> #ERROR! | J567: =TABLEITEM!$H$3:$H$1138-TABLEITEM!$I$3:$I$1138 -> #ERROR!
A568: 567 | B568: SEG1212202440 | C568: MAT ST | D568: เหล็กแผ่นEG4'x8'T1.2 | E568: NSK | G568: {=MAX(IF(INSTOCK!$H$2:$H$2025=B568,INSTOCK!$K$2:$K$2025))} -> 783.75 | H568: =SUM(IF(INSTOCK!$H$2:$H$2025=B568,INSTOCK!$I$2:$I$2025)) -> 0 | I568: =SUM(IF([1]!Table13[ID]=B568,[1]!Table13[QTY])) -> #ERROR! | J568: =TABLEITEM!$H$3:$H$1138-TABLEITEM!$I$3:$I$1138 -> #ERROR!
A569: 568 | B569: SEG1307503000 | C569: MAT ST | D569: เหล็กแผ่นEG750X3000T2.3เศษ | G569: {=MAX(IF(INSTOCK!$H$2:$H$2025=B569,INSTOCK!$K$2:$K$2025))} -> 0 | H569: =SUM(IF(INSTOCK!$H$2:$H$2025=B569,INSTOCK!$I$2:$I$2025)) -> 0 | I569: =SUM(IF([1]!Table13[ID]=B569,[1]!Table13[QTY])) -> #ERROR! | J569: =TABLEITEM!$H$3:$H$1138-TABLEITEM!$I$3:$I$1138 -> #ERROR!
A570: 569 | B570: SEG1612202440 | C570: MAT ST | D570: เหล็กแผ่นEG4'x8'T1.6 | E570: NSK | G570: {=MAX(IF(INSTOCK!$H$2:$H$2025=B570,INSTOCK!$K$2:$K$2025))} -> 1062.56 | H570: =SUM(IF(INSTOCK!$H$2:$H$2025=B570,INSTOCK!$I$2:$I$2025)) -> 0 | I570: =SUM(IF([1]!Table13[ID]=B570,[1]!Table13[QTY])) -> #ERROR! | J570: =TABLEITEM!$H$3:$H$1138-TABLEITEM!$I$3:$I$1138 -> #ERROR!
A571: 570 | B571: SEG1612203000 | C571: MAT ST | D571: เหล็กแผ่นEG4'x3000T1.6 | E571: NSK | G571: {=MAX(IF(INSTOCK!$H$2:$H$2025=B571,INSTOCK!$K$2:$K$2025))} -> 1282.5 | H571: =SUM(IF(INSTOCK!$H$2:$H$2025=B571,INSTOCK!$I$2:$I$2025)) -> 0 | I571: =SUM(IF([1]!Table13[ID]=B571,[1]!Table13[QTY])) -> #ERROR! | J571: =TABLEITEM!$H$3:$H$1138-TABLEITEM!$I$3:$I$1138 -> #ERROR!
A572: 571 | B572: SEG2012202440 | C572: MAT ST | D572: เหล็กแผ่นEG4'x8'T2.0 | E572: NSK | G572: {=MAX(IF(INSTOCK!$H$2:$H$2025=B572,INSTOCK!$K$2:$K$2025))} -> 1605.975 | H572: =SUM(IF(INSTOCK!$H$2:$H$2025=B572,INSTOCK!$I$2:$I$2025)) -> 0 | I572: =SUM(IF([1]!Table13[ID]=B572,[1]!Table13[QTY])) -> #ERROR! | J572: =TABLEITEM!$H$3:$H$1138-TABLEITEM!$I$3:$I$1138 -> #ERROR!
A573: 572 | B573: SEG2012203000 | C573: MAT ST | D573: เหล็กแผ่นEG4'x3000T2.0 | E573: NSK | G573: {=MAX(IF(INSTOCK!$H$2:$H$2025=B573,INSTOCK!$K$2:$K$2025))} -> 1733 | H573: =SUM(IF(INSTOCK!$H$2:$H$2025=B573,INSTOCK!$I$2:$I$2025)) -> 0 | I573: =SUM(IF([1]!Table13[ID]=B573,[1]!Table13[QTY])) -> #ERROR! | J573: =TABLEITEM!$H$3:$H$1138-TABLEITEM!$I$3:$I$1138 -> #ERROR!
A574: 573 | B574: SEG2312202440 | C574: MAT ST | D574: เหล็กแผ่นEG4'x8'T2.3 | E574: NSK | G574: {=MAX(IF(INSTOCK!$H$2:$H$2025=B574,INSTOCK!$K$2:$K$2025))} -> 1502 | H574: =SUM(IF(INSTOCK!$H$2:$H$2025=B574,INSTOCK!$I$2:$I$2025)) -> 0 | I574: =SUM(IF([1]!Table13[ID]=B574,[1]!Table13[QTY])) -> #ERROR! | J574: =TABLEITEM!$H$3:$H$1138-TABLEITEM!$I$3:$I$1138 -> #ERROR!
A575: 574 | B575: SEG2612202440 | C575: MAT ST | D575: เหล็กแผ่นEG4'x8'T2.6 | G575: {=MAX(IF(INSTOCK!$H$2:$H$2025=B575,INSTOCK!$K$2:$K$2025))} -> 0 | H575: =SUM(IF(INSTOCK!$H$2:$H$2025=B575,INSTOCK!$I$2:$I$2025)) -> 0 | I575: =SUM(IF([1]!Table13[ID]=B575,[1]!Table13[QTY])) -> #ERROR! | J575: =TABLEITEM!$H$3:$H$1138-TABLEITEM!$I$3:$I$1138 -> #ERROR!
A576: 575 | B576: SEG3012202440 | C576: MAT ST | D576: เหล็กแผ่นEG4'x8'T3.0 | E576: K.TANAWAT | G576: {=MAX(IF(INSTOCK!$H$2:$H$2025=B576,INSTOCK!$K$2:$K$2025))} -> 2345 | H576: =SUM(IF(INSTOCK!$H$2:$H$2025=B576,INSTOCK!$I$2:$I$2025)) -> 0 | I576: =SUM(IF([1]!Table13[ID]=B576,[1]!Table13[QTY])) -> #ERROR! | J576: =TABLEITEM!$H$3:$H$1138-TABLEITEM!$I$3:$I$1138 -> #ERROR!
A577: 576 | B577: SEG3012203000 | C577: MAT ST | D577: เหล็กแผ่นEG4'x3000T3.0 | E577: K.TANAWAT | G577: {=MAX(IF(INSTOCK!$H$2:$H$2025=B577,INSTOCK!$K$2:$K$2025))} -> 2881 | H577: =SUM(IF(INSTOCK!$H$2:$H$2025=B577,INSTOCK!$I$2:$I$2025)) -> 0 | I577: =SUM(IF([1]!Table13[ID]=B577,[1]!Table13[QTY])) -> #ERROR! | J577: =TABLEITEM!$H$3:$H$1138-TABLEITEM!$I$3:$I$1138 -> #ERROR!
A578: 577 | B578: SF30406000 | C578: MAT ST | D578: เหล็กแบน 1''1/2 หนา 3 มิล | G578: {=MAX(IF(INSTOCK!$H$2:$H$2025=B578,INSTOCK!$K$2:$K$2025))} -> 0 | H578: =SUM(IF(INSTOCK!$H$2:$H$2025=B578,INSTOCK!$I$2:$I$2025)) -> 0 | I578: =SUM(IF([1]!Table13[ID]=B578,[1]!Table13[QTY])) -> #ERROR! | J578: =TABLEITEM!$H$3:$H$1138-TABLEITEM!$I$3:$I$1138 -> #ERROR!
A579: 578 | B579: SF321506000 | C579: MAT ST | D579: เหล็กแบน 6" หนา 3.2 มิล | G579: {=MAX(IF(INSTOCK!$H$2:$H$2025=B579,INSTOCK!$K$2:$K$2025))} -> 0 | H579: =SUM(IF(INSTOCK!$H$2:$H$2025=B579,INSTOCK!$I$2:$I$2025)) -> 0 | I579: =SUM(IF([1]!Table13[ID]=B579,[1]!Table13[QTY])) -> #ERROR! | J579: =TABLEITEM!$H$3:$H$1138-TABLEITEM!$I$3:$I$1138 -> #ERROR!
A580: 579 | B580: SF45406000 | C580: MAT ST | D580: เหล็กแบน 1''1/2 หนา 4.5 มิล | G580: {=MAX(IF(INSTOCK!$H$2:$H$2025=B580,INSTOCK!$K$2:$K$2025))} -> 0 | H580: =SUM(IF(INSTOCK!$H$2:$H$2025=B580,INSTOCK!$I$2:$I$2025)) -> 0 | I580: =SUM(IF([1]!Table13[ID]=B580,[1]!Table13[QTY])) -> #ERROR! | J580: =TABLEITEM!$H$3:$H$1138-TABLEITEM!$I$3:$I$1138 -> #ERROR!
A581: 580 | B581: SF45506000 | C581: MAT ST | D581: เหล็กแบน 2'' หนา 4.5 มิล | G581: {=MAX(IF(INSTOCK!$H$2:$H$2025=B581,INSTOCK!$K$2:$K$2025))} -> 0 | H581: =SUM(IF(INSTOCK!$H$2:$H$2025=B581,INSTOCK!$I$2:$I$2025)) -> 0 | I581: =SUM(IF([1]!Table13[ID]=B581,[1]!Table13[QTY])) -> #ERROR! | J581: =TABLEITEM!$H$3:$H$1138-TABLEITEM!$I$3:$I$1138 -> #ERROR!
A582: 581 | B582: SF50506000 | C582: MAT ST | D582: เหล็กแบน 2" หนา 5 มิล | G582: {=MAX(IF(INSTOCK!$H$2:$H$2025=B582,INSTOCK!$K$2:$K$2025))} -> 55 | H582: =SUM(IF(INSTOCK!$H$2:$H$2025=B582,INSTOCK!$I$2:$I$2025)) -> 0 | I582: =SUM(IF([1]!Table13[ID]=B582,[1]!Table13[QTY])) -> #ERROR! | J582: =TABLEITEM!$H$3:$H$1138-TABLEITEM!$I$3:$I$1138 -> #ERROR!
A583: 582 | B583: SF601006000 | C583: MAT ST | D583: เหล็กแบน 4'' หนา 6 มิล | G583: {=MAX(IF(INSTOCK!$H$2:$H$2025=B583,INSTOCK!$K$2:$K$2025))} -> 0 | H583: =SUM(IF(INSTOCK!$H$2:$H$2025=B583,INSTOCK!$I$2:$I$2025)) -> 0 | I583: =SUM(IF([1]!Table13[ID]=B583,[1]!Table13[QTY])) -> #ERROR! | J583: =TABLEITEM!$H$3:$H$1138-TABLEITEM!$I$3:$I$1138 -> #ERROR!
A584: 583 | B584: SF60506000 | C584: MAT ST | D584: เหล็กแบน 2'' หนา 6 มิล | G584: {=MAX(IF(INSTOCK!$H$2:$H$2025=B584,INSTOCK!$K$2:$K$2025))} -> 0 | H584: =SUM(IF(INSTOCK!$H$2:$H$2025=B584,INSTOCK!$I$2:$I$2025)) -> 0 | I584: =SUM(IF([1]!Table13[ID]=B584,[1]!Table13[QTY])) -> #ERROR! | J584: =TABLEITEM!$H$3:$H$1138-TABLEITEM!$I$3:$I$1138 -> #ERROR!
A585: 584 | B585: SF60756000 | C585: MAT ST | D585: เหล็กแบน 3'' หนา 6 มิล | G585: {=MAX(IF(INSTOCK!$H$2:$H$2025=B585,INSTOCK!$K$2:$K$2025))} -> 0 | H585: =SUM(IF(INSTOCK!$H$2:$H$2025=B585,INSTOCK!$I$2:$I$2025)) -> 0 | I585: =SUM(IF([1]!Table13[ID]=B585,[1]!Table13[QTY])) -> #ERROR! | J585: =TABLEITEM!$H$3:$H$1138-TABLEITEM!$I$3:$I$1138 -> #ERROR!
A586: 585 | B586: SGI1212202440 | C586: MAT ST | D586: แผ่นสังกะสี4'x8'T1.2 | G586: {=MAX(IF(INSTOCK!$H$2:$H$2025=B586,INSTOCK!$K$2:$K$2025))} -> 0 | H586: =SUM(IF(INSTOCK!$H$2:$H$2025=B586,INSTOCK!$I$2:$I$2025)) -> 0 | I586: =SUM(IF([1]!Table13[ID]=B586,[1]!Table13[QTY])) -> #ERROR! | J586: =TABLEITEM!$H$3:$H$1138-TABLEITEM!$I$3:$I$1138 -> #ERROR!
A587: 586 | B587: SGI1512202440 | C587: MAT ST | D587: แผ่นสังกะสี4'x8'T1.5 | E587: ASSAVA METAL | G587: {=MAX(IF(INSTOCK!$H$2:$H$2025=B587,INSTOCK!$K$2:$K$2025))} -> 895 | H587: =SUM(IF(INSTOCK!$H$2:$H$2025=B587,INSTOCK!$I$2:$I$2025)) -> 0 | I587: =SUM(IF([1]!Table13[ID]=B587,[1]!Table13[QTY])) -> #ERROR! | J587: =TABLEITEM!$H$3:$H$1138-TABLEITEM!$I$3:$I$1138 -> #ERROR!
A588: 587 | B588: SGI2012202440 | C588: MAT ST | D588: แผ่นสังกะสี4'x8'T2.0 | E588: ASSAVA METAL | G588: {=MAX(IF(INSTOCK!$H$2:$H$2025=B588,INSTOCK!$K$2:$K$2025))} -> 1155 | H588: =SUM(IF(INSTOCK!$H$2:$H$2025=B588,INSTOCK!$I$2:$I$2025)) -> 0 | I588: =SUM(IF([1]!Table13[ID]=B588,[1]!Table13[QTY])) -> #ERROR! | J588: =TABLEITEM!$H$3:$H$1138-TABLEITEM!$I$3:$I$1138 -> #ERROR!
...

Sheet REPORTIN
A1: DATE | B1: 43652 | I1: ID | J1: SEG2312203000
A2: SUPPLIER | B2: (All) | I2: LIST | J2: (All)
A3: IV No. | B3: (All)
A4: PO No. | B4: (All) | L4: Values
A5: PC Job | B5: (All) | I5: SUPPLIER | J5: IV No. | K5: UNIT/Price | L5: Sum of QTY | M5: Sum of Total
I6: เอ็น.เอช.เค.สตีล จำกัด | J6: N61/004696 | K6: 1988.6 | L6: 50 | M6: 99430
C7: Values | J7: N61/004696 Total | L7: 50 | M7: 99430
A8: ID | B8: LIST | C8: Average of UNIT/Price | D8: Sum of QTY | E8: Sum of Total | I8: Grand Total | L8: 50 | M8: 99430
A9: FC6845520 | B9: คานต่อโครง3mm 68x45x520 | D9: 14 | E9: 0
A10: FC6845420 | B10: คานต่อโครง3mm 68x45x420 | D10: 18 | E10: 0
A11: FC6845720 | B11: คานต่อโครง3mm 68x45x720 | D11: 240 | E11: 0
A12: FC6845270 | B12: คานต่อโครง3mm 68x45x270 | D12: 69 | E12: 0
A13: FC8045520 | B13: คานต่อโครง 80x45x3mmx520 | D13: 25 | E13: 0
A14: ACC503429 | B14: ฉากตัวZ รับแผ่นกั้น50x34x29 | D14: 294 | E14: 0
A15: FC6845260 | B15: คานต่อโครง3mm 68x45x260 | D15: 9 | E15: 0
A16: FC8045260 | B16: คานต่อโครง 80x45x3mmx260 | D16: 18 | E16: 0
A17: FC6845620 | B17: คานต่อโครง3mm 68x45x620 | D17: 16 | E17: 0
A18: FC8045620 | B18: คานต่อโครง 80x45x3mmx620 | D18: 8 | E18: 0
A19: FC6845920 | B19: คานต่อโครง3mm 68x45x920 | D19: 1 | E19: 0
A20: FC8045920 | B20: คานต่อโครง 80x45x3mmx920 | D20: 2 | E20: 0
A21: GLN60190X290 | B21: กระจกลวด190X290T6.0 | C21: 450 | D21: 10 | E21: 4500
A22: CAB40875 | B22: หมวกตู้ 40x875 | D22: 5 | E22: 0
A23: Grand Total | C23: 450 | D23: 729 | E23: 4500
